"province","affiliation","amphor","n"
"กระบี่","สพป.กระบี่","คลองท่อม",39
"กระบี่","สพป.กระบี่","ปลายพระยา",24
"กระบี่","สพป.กระบี่","ลำทับ",17
"กระบี่","สพป.กระบี่","อ่าวลึก",29
"กระบี่","สพป.กระบี่","เกาะลันตา",28
"กระบี่","สพป.กระบี่","เขาพนม",27
"กระบี่","สพป.กระบี่","เมืองกระบี่",44
"กระบี่","สพป.กระบี่","เหนือคลอง",42
"กระบี่","สพม.ตรังกระบี่","คลองท่อม",6
"กระบี่","สพม.ตรังกระบี่","ปลายพระยา",4
"กระบี่","สพม.ตรังกระบี่","ลำทับ",2
"กระบี่","สพม.ตรังกระบี่","อ่าวลึก",6
"กระบี่","สพม.ตรังกระบี่","เกาะลันตา",4
"กระบี่","สพม.ตรังกระบี่","เขาพนม",6
"กระบี่","สพม.ตรังกระบี่","เมืองกระบี่",6
"กระบี่","สพม.ตรังกระบี่","เหนือคลอง",2
"กรุงเทพมหานคร","สพป.กรุงเทพมหานคร","เขตคลองเตย",2
"กรุงเทพมหานคร","สพป.กรุงเทพมหานคร","เขตจอมทอง",2
"กรุงเทพมหานคร","สพป.กรุงเทพมหานคร","เขตดุสิต",3
"กรุงเทพมหานคร","สพป.กรุงเทพมหานคร","เขตตลิ่งชัน",1
"กรุงเทพมหานคร","สพป.กรุงเทพมหานคร","เขตธนบุรี",1
"กรุงเทพมหานคร","สพป.กรุงเทพมหานคร","เขตบางกอกน้อย",1
"กรุงเทพมหานคร","สพป.กรุงเทพมหานคร","เขตบางกอกใหญ่",4
"กรุงเทพมหานคร","สพป.กรุงเทพมหานคร","เขตบางซื่อ",1
"กรุงเทพมหานคร","สพป.กรุงเทพมหานคร","เขตบางแค",1
"กรุงเทพมหานคร","สพป.กรุงเทพมหานคร","เขตป้อมปราบศัตรูพ่าย",2
"กรุงเทพมหานคร","สพป.กรุงเทพมหานคร","เขตพระนคร",5
"กรุงเทพมหานคร","สพป.กรุงเทพมหานคร","เขตภาษีเจริญ",1
"กรุงเทพมหานคร","สพป.กรุงเทพมหานคร","เขตยานนาวา",2
"กรุงเทพมหานคร","สพป.กรุงเทพมหานคร","เขตราชเทวี",1
"กรุงเทพมหานคร","สพป.กรุงเทพมหานคร","เขตวัฒนา",1
"กรุงเทพมหานคร","สพป.กรุงเทพมหานคร","เขตสวนหลวง",1
"กรุงเทพมหานคร","สพป.กรุงเทพมหานคร","เขตสัมพันธวงศ์",1
"กรุงเทพมหานคร","สพป.กรุงเทพมหานคร","เขตสาทร",2
"กรุงเทพมหานคร","สพป.กรุงเทพมหานคร","เขตห้วยขวาง",4
"กรุงเทพมหานคร","สพม.กรุงเทพมหานครเขต 1","เขตคลองสามวา",2
"กรุงเทพมหานคร","สพม.กรุงเทพมหานครเขต 1","เขตคลองเตย",2
"กรุงเทพมหานคร","สพม.กรุงเทพมหานครเขต 1","เขตจตุจักร",4
"กรุงเทพมหานคร","สพม.กรุงเทพมหานครเขต 1","เขตจอมทอง",4
"กรุงเทพมหานคร","สพม.กรุงเทพมหานครเขต 1","เขตดอนเมือง",4
"กรุงเทพมหานคร","สพม.กรุงเทพมหานครเขต 1","เขตดินแดง",6
"กรุงเทพมหานคร","สพม.กรุงเทพมหานครเขต 1","เขตดุสิต",8
"กรุงเทพมหานคร","สพม.กรุงเทพมหานครเขต 1","เขตตลิ่งชัน",6
"กรุงเทพมหานคร","สพม.กรุงเทพมหานครเขต 1","เขตทวีวัฒนา",2
"กรุงเทพมหานคร","สพม.กรุงเทพมหานครเขต 1","เขตทุ่งครุ",6
"กรุงเทพมหานคร","สพม.กรุงเทพมหานครเขต 1","เขตธนบุรี",6
"กรุงเทพมหานคร","สพม.กรุงเทพมหานครเขต 1","เขตบางกอกน้อย",18
"กรุงเทพมหานคร","สพม.กรุงเทพมหานครเขต 1","เขตบางกอกใหญ่",6
"กรุงเทพมหานคร","สพม.กรุงเทพมหานครเขต 1","เขตบางกะปิ",6
"กรุงเทพมหานคร","สพม.กรุงเทพมหานครเขต 1","เขตบางขุนเทียน",10
"กรุงเทพมหานคร","สพม.กรุงเทพมหานครเขต 1","เขตบางซื่อ",6
"กรุงเทพมหานคร","สพม.กรุงเทพมหานครเขต 1","เขตบางบอน",4
"กรุงเทพมหานคร","สพม.กรุงเทพมหานครเขต 1","เขตบางพลัด",3
"กรุงเทพมหานคร","สพม.กรุงเทพมหานครเขต 1","เขตบางรัก",4
"กรุงเทพมหานคร","สพม.กรุงเทพมหานครเขต 1","เขตบางเขน",2
"กรุงเทพมหานคร","สพม.กรุงเทพมหานครเขต 1","เขตบางแค",6
"กรุงเทพมหานคร","สพม.กรุงเทพมหานครเขต 1","เขตบึงกุ่ม",6
"กรุงเทพมหานคร","สพม.กรุงเทพมหานครเขต 1","เขตประเวศ",4
"กรุงเทพมหานคร","สพม.กรุงเทพมหานครเขต 1","เขตป้อมปราบศัตรูพ่าย",6
"กรุงเทพมหานคร","สพม.กรุงเทพมหานครเขต 1","เขตพญาไท",2
"กรุงเทพมหานคร","สพม.กรุงเทพมหานครเขต 1","เขตพระนคร",16
"กรุงเทพมหานคร","สพม.กรุงเทพมหานครเขต 1","เขตพระโขนง",2
"กรุงเทพมหานคร","สพม.กรุงเทพมหานครเขต 1","เขตภาษีเจริญ",8
"กรุงเทพมหานคร","สพม.กรุงเทพมหานครเขต 1","เขตมีนบุรี",4
"กรุงเทพมหานคร","สพม.กรุงเทพมหานครเขต 1","เขตยานนาวา",8
"กรุงเทพมหานคร","สพม.กรุงเทพมหานครเขต 1","เขตราชเทวี",8
"กรุงเทพมหานคร","สพม.กรุงเทพมหานครเขต 1","เขตราษฎร์บูรณะ",4
"กรุงเทพมหานคร","สพม.กรุงเทพมหานครเขต 1","เขตลาดกระบัง",10
"กรุงเทพมหานคร","สพม.กรุงเทพมหานครเขต 1","เขตลาดพร้าว",4
"กรุงเทพมหานคร","สพม.กรุงเทพมหานครเขต 1","เขตวังทองหลาง",4
"กรุงเทพมหานคร","สพม.กรุงเทพมหานครเขต 1","เขตวัฒนา",2
"กรุงเทพมหานคร","สพม.กรุงเทพมหานครเขต 1","เขตสะพานสูง",8
"กรุงเทพมหานคร","สพม.กรุงเทพมหานครเขต 1","เขตสัมพันธวงศ์",4
"กรุงเทพมหานคร","สพม.กรุงเทพมหานครเขต 1","เขตสาทร",8
"กรุงเทพมหานคร","สพม.กรุงเทพมหานครเขต 1","เขตสายไหม",2
"กรุงเทพมหานคร","สพม.กรุงเทพมหานครเขต 1","เขตหนองจอก",6
"กรุงเทพมหานคร","สพม.กรุงเทพมหานครเขต 1","เขตหนองแขม",2
"กรุงเทพมหานคร","สพม.กรุงเทพมหานครเขต 1","เขตหลักสี่",2
"กรุงเทพมหานคร","สพม.กรุงเทพมหานครเขต 1","เขตห้วยขวาง",4
"กาญจนบุรี","สพป.กาญจนบุรี เขต 1","ด่านมะขามเตี้ย",33
"กาญจนบุรี","สพป.กาญจนบุรี เขต 1","ท่าม่วง",53
"กาญจนบุรี","สพป.กาญจนบุรี เขต 1","ศรีสวัสดิ์",33
"กาญจนบุรี","สพป.กาญจนบุรี เขต 1","เมืองกาญจนบุรี",58
"กาญจนบุรี","สพป.กาญจนบุรี เขต 2","ท่ามะกา",43
"กาญจนบุรี","สพป.กาญจนบุรี เขต 2","พนมทวน",32
"กาญจนบุรี","สพป.กาญจนบุรี เขต 2","ห้วยกระเจา",38
"กาญจนบุรี","สพป.กาญจนบุรี เขต 3","ทองผาภูมิ",42
"กาญจนบุรี","สพป.กาญจนบุรี เขต 3","สังขละบุรี",17
"กาญจนบุรี","สพป.กาญจนบุรี เขต 3","ไทรโยค",54
"กาญจนบุรี","สพป.กาญจนบุรี เขต 4","บ่อพลอย",39
"กาญจนบุรี","สพป.กาญจนบุรี เขต 4","หนองปรือ",24
"กาญจนบุรี","สพป.กาญจนบุรี เขต 4","เลาขวัญ",59
"กาญจนบุรี","สพม.กาญจนบุรี","ด่านมะขามเตี้ย",2
"กาญจนบุรี","สพม.กาญจนบุรี","ทองผาภูมิ",2
"กาญจนบุรี","สพม.กาญจนบุรี","ท่ามะกา",10
"กาญจนบุรี","สพม.กาญจนบุรี","ท่าม่วง",10
"กาญจนบุรี","สพม.กาญจนบุรี","บ่อพลอย",4
"กาญจนบุรี","สพม.กาญจนบุรี","พนมทวน",2
"กาญจนบุรี","สพม.กาญจนบุรี","ศรีสวัสดิ์",2
"กาญจนบุรี","สพม.กาญจนบุรี","สังขละบุรี",2
"กาญจนบุรี","สพม.กาญจนบุรี","หนองปรือ",4
"กาญจนบุรี","สพม.กาญจนบุรี","ห้วยกระเจา",2
"กาญจนบุรี","สพม.กาญจนบุรี","เมืองกาญจนบุรี",4
"กาญจนบุรี","สพม.กาญจนบุรี","เลาขวัญ",4
"กาญจนบุรี","สพม.กาญจนบุรี","ไทรโยค",6
"กาฬสินธุ์","สพป.กาฬสินธุ์ เขต 1","กมลาไสย",47
"กาฬสินธุ์","สพป.กาฬสินธุ์ เขต 1","ดอนจาน",20
"กาฬสินธุ์","สพป.กาฬสินธุ์ เขต 1","ร่องคำ",11
"กาฬสินธุ์","สพป.กาฬสินธุ์ เขต 1","สหัสขันธ์",33
"กาฬสินธุ์","สพป.กาฬสินธุ์ เขต 1","สามชัย",22
"กาฬสินธุ์","สพป.กาฬสินธุ์ เขต 1","เมืองกาฬสินธุ์",78
"กาฬสินธุ์","สพป.กาฬสินธุ์ เขต 2","ฆ้องชัย",19
"กาฬสินธุ์","สพป.กาฬสินธุ์ เขต 2","ท่าคันโท",25
"กาฬสินธุ์","สพป.กาฬสินธุ์ เขต 2","ยางตลาด",75
"กาฬสินธุ์","สพป.กาฬสินธุ์ เขต 2","หนองกุงศรี",51
"กาฬสินธุ์","สพป.กาฬสินธุ์ เขต 2","ห้วยเม็ก",43
"กาฬสินธุ์","สพป.กาฬสินธุ์ เขต 3","กุฉินารายณ์",70
"กาฬสินธุ์","สพป.กาฬสินธุ์ เขต 3","คำม่วง",41
"กาฬสินธุ์","สพป.กาฬสินธุ์ เขต 3","นามน",28
"กาฬสินธุ์","สพป.กาฬสินธุ์ เขต 3","สมเด็จ",46
"กาฬสินธุ์","สพป.กาฬสินธุ์ เขต 3","ห้วยผึ้ง",24
"กาฬสินธุ์","สพป.กาฬสินธุ์ เขต 3","เขาวง",24
"กาฬสินธุ์","สพม.กาฬสินธุ์","กมลาไสย",12
"กาฬสินธุ์","สพม.กาฬสินธุ์","กุฉินารายณ์",12
"กาฬสินธุ์","สพม.กาฬสินธุ์","คำม่วง",2
"กาฬสินธุ์","สพม.กาฬสินธุ์","ฆ้องชัย",6
"กาฬสินธุ์","สพม.กาฬสินธุ์","ดอนจาน",4
"กาฬสินธุ์","สพม.กาฬสินธุ์","ท่าคันโท",4
"กาฬสินธุ์","สพม.กาฬสินธุ์","นามน",4
"กาฬสินธุ์","สพม.กาฬสินธุ์","ยางตลาด",8
"กาฬสินธุ์","สพม.กาฬสินธุ์","ร่องคำ",2
"กาฬสินธุ์","สพม.กาฬสินธุ์","สมเด็จ",12
"กาฬสินธุ์","สพม.กาฬสินธุ์","สหัสขันธ์",8
"กาฬสินธุ์","สพม.กาฬสินธุ์","สามชัย",2
"กาฬสินธุ์","สพม.กาฬสินธุ์","หนองกุงศรี",6
"กาฬสินธุ์","สพม.กาฬสินธุ์","ห้วยผึ้ง",4
"กาฬสินธุ์","สพม.กาฬสินธุ์","ห้วยเม็ก",10
"กาฬสินธุ์","สพม.กาฬสินธุ์","เขาวง",6
"กาฬสินธุ์","สพม.กาฬสินธุ์","เมืองกาฬสินธุ์",14
"กำแพงเพชร","สพป.กำแพงเพชร เขต 1","พรานกระต่าย",55
"กำแพงเพชร","สพป.กำแพงเพชร เขต 1","ลานกระบือ",36
"กำแพงเพชร","สพป.กำแพงเพชร เขต 1","เมืองกำแพงเพชร",95
"กำแพงเพชร","สพป.กำแพงเพชร เขต 1","โกสัมพีนคร",20
"กำแพงเพชร","สพป.กำแพงเพชร เขต 1","ไทรงาม",41
"กำแพงเพชร","สพป.กำแพงเพชร เขต 2","ขาณุวรลักษบุรี",66
"กำแพงเพชร","สพป.กำแพงเพชร เขต 2","คลองขลุง",44
"กำแพงเพชร","สพป.กำแพงเพชร เขต 2","คลองลาน",42
"กำแพงเพชร","สพป.กำแพงเพชร เขต 2","ทรายทองวัฒนา",12
"กำแพงเพชร","สพป.กำแพงเพชร เขต 2","บึงสามัคคี",21
"กำแพงเพชร","สพป.กำแพงเพชร เขต 2","ปางศิลาทอง",27
"กำแพงเพชร","สพม.กำแพงเพชร","ขาณุวรลักษบุรี",8
"กำแพงเพชร","สพม.กำแพงเพชร","คลองขลุง",6
"กำแพงเพชร","สพม.กำแพงเพชร","คลองลาน",6
"กำแพงเพชร","สพม.กำแพงเพชร","ทรายทองวัฒนา",2
"กำแพงเพชร","สพม.กำแพงเพชร","บึงสามัคคี",2
"กำแพงเพชร","สพม.กำแพงเพชร","ปางศิลาทอง",2
"กำแพงเพชร","สพม.กำแพงเพชร","พรานกระต่าย",6
"กำแพงเพชร","สพม.กำแพงเพชร","ลานกระบือ",8
"กำแพงเพชร","สพม.กำแพงเพชร","เมืองกำแพงเพชร",22
"กำแพงเพชร","สพม.กำแพงเพชร","โกสัมพีนคร",2
"กำแพงเพชร","สพม.กำแพงเพชร","ไทรงาม",4
"ขอนแก่น","สพป.ขอนแก่น เขต 1","บ้านฝาง",40
"ขอนแก่น","สพป.ขอนแก่น เขต 1","พระยืน",23
"ขอนแก่น","สพป.ขอนแก่น เขต 1","เมืองขอนแก่น",125
"ขอนแก่น","สพป.ขอนแก่น เขต 2","ชนบท",40
"ขอนแก่น","สพป.ขอนแก่น เขต 2","บ้านแฮด",28
"ขอนแก่น","สพป.ขอนแก่น เขต 2","บ้านไผ่",74
"ขอนแก่น","สพป.ขอนแก่น เขต 2","มัญจาคีรี",76
"ขอนแก่น","สพป.ขอนแก่น เขต 2","เปือยน้อย",20
"ขอนแก่น","สพป.ขอนแก่น เขต 2","โคกโพธิ์ไชย",24
"ขอนแก่น","สพป.ขอนแก่น เขต 3","พล",63
"ขอนแก่น","สพป.ขอนแก่น เขต 3","หนองสองห้อง",77
"ขอนแก่น","สพป.ขอนแก่น เขต 3","แวงน้อย",35
"ขอนแก่น","สพป.ขอนแก่น เขต 3","แวงใหญ่",26
"ขอนแก่น","สพป.ขอนแก่น เขต 3","โนนศิลา",24
"ขอนแก่น","สพป.ขอนแก่น เขต 4","กระนวน",43
"ขอนแก่น","สพป.ขอนแก่น เขต 4","ซำสูง",18
"ขอนแก่น","สพป.ขอนแก่น เขต 4","น้ำพอง",83
"ขอนแก่น","สพป.ขอนแก่น เขต 4","อุบลรัตน์",35
"ขอนแก่น","สพป.ขอนแก่น เขต 4","เขาสวนกวาง",37
"ขอนแก่น","สพป.ขอนแก่น เขต 5","ชุมแพ",71
"ขอนแก่น","สพป.ขอนแก่น เขต 5","ภูผาม่าน",22
"ขอนแก่น","สพป.ขอนแก่น เขต 5","ภูเวียง",60
"ขอนแก่น","สพป.ขอนแก่น เขต 5","สีชมพู",53
"ขอนแก่น","สพป.ขอนแก่น เขต 5","หนองนาคำ",20
"ขอนแก่น","สพป.ขอนแก่น เขต 5","หนองเรือ",74
"ขอนแก่น","สพป.ขอนแก่น เขต 5","เวียงเก่า",13
"ขอนแก่น","สพม.ขอนแก่น","กระนวน",10
"ขอนแก่น","สพม.ขอนแก่น","ชนบท",4
"ขอนแก่น","สพม.ขอนแก่น","ชุมแพ",14
"ขอนแก่น","สพม.ขอนแก่น","น้ำพอง",14
"ขอนแก่น","สพม.ขอนแก่น","บ้านฝาง",4
"ขอนแก่น","สพม.ขอนแก่น","บ้านแฮด",4
"ขอนแก่น","สพม.ขอนแก่น","บ้านไผ่",8
"ขอนแก่น","สพม.ขอนแก่น","พระยืน",2
"ขอนแก่น","สพม.ขอนแก่น","พล",10
"ขอนแก่น","สพม.ขอนแก่น","ภูผาม่าน",2
"ขอนแก่น","สพม.ขอนแก่น","ภูเวียง",6
"ขอนแก่น","สพม.ขอนแก่น","มัญจาคีรี",14
"ขอนแก่น","สพม.ขอนแก่น","สีชมพู",8
"ขอนแก่น","สพม.ขอนแก่น","หนองนาคำ",2
"ขอนแก่น","สพม.ขอนแก่น","หนองสองห้อง",10
"ขอนแก่น","สพม.ขอนแก่น","หนองเรือ",6
"ขอนแก่น","สพม.ขอนแก่น","อุบลรัตน์",6
"ขอนแก่น","สพม.ขอนแก่น","เขาสวนกวาง",4
"ขอนแก่น","สพม.ขอนแก่น","เปือยน้อย",4
"ขอนแก่น","สพม.ขอนแก่น","เมืองขอนแก่น",31
"ขอนแก่น","สพม.ขอนแก่น","เวียงเก่า",2
"ขอนแก่น","สพม.ขอนแก่น","แวงน้อย",8
"ขอนแก่น","สพม.ขอนแก่น","แวงใหญ่",4
"ขอนแก่น","สพม.ขอนแก่น","โคกโพธิ์ไชย",2
"ขอนแก่น","สพม.ขอนแก่น","โนนศิลา",4
"จันทบุรี","สพป.จันทบุรี เขต 1","ท่าใหม่",31
"จันทบุรี","สพป.จันทบุรี เขต 1","นายายอาม",21
"จันทบุรี","สพป.จันทบุรี เขต 1","เมืองจันทบุรี",30
"จันทบุรี","สพป.จันทบุรี เขต 1","แก่งหางแมว",21
"จันทบุรี","สพป.จันทบุรี เขต 2","ขลุง",29
"จันทบุรี","สพป.จันทบุรี เขต 2","มะขาม",11
"จันทบุรี","สพป.จันทบุรี เขต 2","สอยดาว",20
"จันทบุรี","สพป.จันทบุรี เขต 2","เขาคิชฌกูฏ",16
"จันทบุรี","สพป.จันทบุรี เขต 2","แหลมสิงห์",18
"จันทบุรี","สพป.จันทบุรี เขต 2","โป่งน้ำร้อน",32
"จันทบุรี","สพม.จันทบุรีตราด","ขลุง",6
"จันทบุรี","สพม.จันทบุรีตราด","ท่าใหม่",4
"จันทบุรี","สพม.จันทบุรีตราด","นายายอาม",4
"จันทบุรี","สพม.จันทบุรีตราด","มะขาม",2
"จันทบุรี","สพม.จันทบุรีตราด","สอยดาว",4
"จันทบุรี","สพม.จันทบุรีตราด","เขาคิชฌกูฏ",4
"จันทบุรี","สพม.จันทบุรีตราด","เมืองจันทบุรี",6
"จันทบุรี","สพม.จันทบุรีตราด","แก่งหางแมว",2
"จันทบุรี","สพม.จันทบุรีตราด","โป่งน้ำร้อน",6
"ฉะเชิงเทรา","สพป.ฉะเชิงเทรา เขต 1","บางน้ำเปรี้ยว",65
"ฉะเชิงเทรา","สพป.ฉะเชิงเทรา เขต 1","บางปะกง",36
"ฉะเชิงเทรา","สพป.ฉะเชิงเทรา เขต 1","บ้านโพธิ์",25
"ฉะเชิงเทรา","สพป.ฉะเชิงเทรา เขต 1","เมืองฉะเชิงเทรา",48
"ฉะเชิงเทรา","สพป.ฉะเชิงเทรา เขต 2","คลองเขื่อน",8
"ฉะเชิงเทรา","สพป.ฉะเชิงเทรา เขต 2","ท่าตะเกียบ",41
"ฉะเชิงเทรา","สพป.ฉะเชิงเทรา เขต 2","บางคล้า",19
"ฉะเชิงเทรา","สพป.ฉะเชิงเทรา เขต 2","พนมสารคาม",45
"ฉะเชิงเทรา","สพป.ฉะเชิงเทรา เขต 2","ราชสาส์น",8
"ฉะเชิงเทรา","สพป.ฉะเชิงเทรา เขต 2","สนามชัยเขต",54
"ฉะเชิงเทรา","สพป.ฉะเชิงเทรา เขต 2","แปลงยาว",21
"ฉะเชิงเทรา","สพม.ฉะเชิงเทรา","คลองเขื่อน",2
"ฉะเชิงเทรา","สพม.ฉะเชิงเทรา","บางคล้า",6
"ฉะเชิงเทรา","สพม.ฉะเชิงเทรา","บางน้ำเปรี้ยว",8
"ฉะเชิงเทรา","สพม.ฉะเชิงเทรา","บ้านโพธิ์",6
"ฉะเชิงเทรา","สพม.ฉะเชิงเทรา","พนมสารคาม",4
"ฉะเชิงเทรา","สพม.ฉะเชิงเทรา","ราชสาส์น",2
"ฉะเชิงเทรา","สพม.ฉะเชิงเทรา","สนามชัยเขต",2
"ฉะเชิงเทรา","สพม.ฉะเชิงเทรา","เมืองฉะเชิงเทรา",17
"ฉะเชิงเทรา","สพม.ฉะเชิงเทรา","แปลงยาว",6
"ชลบุรี","สพป.ชลบุรี เขต 1","บ้านบึง",33
"ชลบุรี","สพป.ชลบุรี เขต 1","หนองใหญ่",15
"ชลบุรี","สพป.ชลบุรี เขต 1","เมืองชลบุรี",35
"ชลบุรี","สพป.ชลบุรี เขต 2","บ่อทอง",36
"ชลบุรี","สพป.ชลบุรี เขต 2","พนัสนิคม",50
"ชลบุรี","สพป.ชลบุรี เขต 2","พานทอง",27
"ชลบุรี","สพป.ชลบุรี เขต 2","เกาะจันทร์",17
"ชลบุรี","สพป.ชลบุรี เขต 3","บางละมุง",51
"ชลบุรี","สพป.ชลบุรี เขต 3","ศรีราชา",46
"ชลบุรี","สพป.ชลบุรี เขต 3","สัตหีบ",19
"ชลบุรี","สพม.ชลบุรีระยอง","บางละมุง",8
"ชลบุรี","สพม.ชลบุรีระยอง","บ่อทอง",2
"ชลบุรี","สพม.ชลบุรีระยอง","บ้านบึง",4
"ชลบุรี","สพม.ชลบุรีระยอง","พนัสนิคม",6
"ชลบุรี","สพม.ชลบุรีระยอง","พานทอง",4
"ชลบุรี","สพม.ชลบุรีระยอง","ศรีราชา",4
"ชลบุรี","สพม.ชลบุรีระยอง","สัตหีบ",4
"ชลบุรี","สพม.ชลบุรีระยอง","หนองใหญ่",2
"ชลบุรี","สพม.ชลบุรีระยอง","เกาะจันทร์",4
"ชลบุรี","สพม.ชลบุรีระยอง","เกาะสีชัง",3
"ชลบุรี","สพม.ชลบุรีระยอง","เมืองชลบุรี",12
"ชัยนาท","สพป.ชัยนาท","มโนรมย์",8
"ชัยนาท","สพป.ชัยนาท","วัดสิงห์",17
"ชัยนาท","สพป.ชัยนาท","สรรคบุรี",43
"ชัยนาท","สพป.ชัยนาท","สรรพยา",18
"ชัยนาท","สพป.ชัยนาท","หนองมะโมง",13
"ชัยนาท","สพป.ชัยนาท","หันคา",38
"ชัยนาท","สพป.ชัยนาท","เนินขาม",10
"ชัยนาท","สพป.ชัยนาท","เมืองชัยนาท",31
"ชัยนาท","สพม.อุทัยธานีชัยนาท","มโนรมย์",4
"ชัยนาท","สพม.อุทัยธานีชัยนาท","วัดสิงห์",2
"ชัยนาท","สพม.อุทัยธานีชัยนาท","สรรคบุรี",4
"ชัยนาท","สพม.อุทัยธานีชัยนาท","สรรพยา",6
"ชัยนาท","สพม.อุทัยธานีชัยนาท","หนองมะโมง",2
"ชัยนาท","สพม.อุทัยธานีชัยนาท","หันคา",4
"ชัยนาท","สพม.อุทัยธานีชัยนาท","เนินขาม",2
"ชัยนาท","สพม.อุทัยธานีชัยนาท","เมืองชัยนาท",2
"ชัยภูมิ","สพป.ชัยภูมิ เขต 1","คอนสวรรค์",31
"ชัยภูมิ","สพป.ชัยภูมิ เขต 1","บ้านเขว้า",41
"ชัยภูมิ","สพป.ชัยภูมิ เขต 1","ภักดีชุมพล",29
"ชัยภูมิ","สพป.ชัยภูมิ เขต 1","หนองบัวแดง",72
"ชัยภูมิ","สพป.ชัยภูมิ เขต 1","เมืองชัยภูมิ",95
"ชัยภูมิ","สพป.ชัยภูมิ เขต 2","คอนสาร",47
"ชัยภูมิ","สพป.ชัยภูมิ เขต 2","บ้านแท่น",45
"ชัยภูมิ","สพป.ชัยภูมิ เขต 2","ภูเขียว",73
"ชัยภูมิ","สพป.ชัยภูมิ เขต 2","เกษตรสมบูรณ์",54
"ชัยภูมิ","สพป.ชัยภูมิ เขต 2","แก้งคร้อ",65
"ชัยภูมิ","สพป.ชัยภูมิ เขต 3","จัตุรัส",31
"ชัยภูมิ","สพป.ชัยภูมิ เขต 3","ซับใหญ่",15
"ชัยภูมิ","สพป.ชัยภูมิ เขต 3","บำเหน็จณรงค์",28
"ชัยภูมิ","สพป.ชัยภูมิ เขต 3","หนองบัวระเหว",37
"ชัยภูมิ","สพป.ชัยภูมิ เขต 3","เทพสถิต",45
"ชัยภูมิ","สพป.ชัยภูมิ เขต 3","เนินสง่า",11
"ชัยภูมิ","สพม.ชัยภูมิ","คอนสวรรค์",12
"ชัยภูมิ","สพม.ชัยภูมิ","คอนสาร",4
"ชัยภูมิ","สพม.ชัยภูมิ","จัตุรัส",6
"ชัยภูมิ","สพม.ชัยภูมิ","บำเหน็จณรงค์",6
"ชัยภูมิ","สพม.ชัยภูมิ","บ้านเขว้า",2
"ชัยภูมิ","สพม.ชัยภูมิ","บ้านแท่น",2
"ชัยภูมิ","สพม.ชัยภูมิ","ภักดีชุมพล",4
"ชัยภูมิ","สพม.ชัยภูมิ","ภูเขียว",10
"ชัยภูมิ","สพม.ชัยภูมิ","หนองบัวระเหว",4
"ชัยภูมิ","สพม.ชัยภูมิ","หนองบัวแดง",8
"ชัยภูมิ","สพม.ชัยภูมิ","เทพสถิต",6
"ชัยภูมิ","สพม.ชัยภูมิ","เมืองชัยภูมิ",16
"ชัยภูมิ","สพม.ชัยภูมิ","แก้งคร้อ",6
"ชุมพร","สพป.ชุมพร เขต 1","ท่าแซะ",55
"ชุมพร","สพป.ชุมพร เขต 1","ปะทิว",28
"ชุมพร","สพป.ชุมพร เขต 1","เมืองชุมพร",76
"ชุมพร","สพป.ชุมพร เขต 2","ทุ่งตะโก",20
"ชุมพร","สพป.ชุมพร เขต 2","พะโต๊ะ",20
"ชุมพร","สพป.ชุมพร เขต 2","ละแม",20
"ชุมพร","สพป.ชุมพร เขต 2","สวี",50
"ชุมพร","สพป.ชุมพร เขต 2","หลังสวน",40
"ชุมพร","สพม.สุราษฎร์ธานีชุมพร","ทุ่งตะโก",4
"ชุมพร","สพม.สุราษฎร์ธานีชุมพร","ท่าแซะ",8
"ชุมพร","สพม.สุราษฎร์ธานีชุมพร","ปะทิว",4
"ชุมพร","สพม.สุราษฎร์ธานีชุมพร","พะโต๊ะ",2
"ชุมพร","สพม.สุราษฎร์ธานีชุมพร","ละแม",2
"ชุมพร","สพม.สุราษฎร์ธานีชุมพร","สวี",12
"ชุมพร","สพม.สุราษฎร์ธานีชุมพร","หลังสวน",8
"ชุมพร","สพม.สุราษฎร์ธานีชุมพร","เมืองชุมพร",10
"ตรัง","สพป.ตรัง เขต 1","นาโยง",22
"ตรัง","สพป.ตรัง เขต 1","ปะเหลียน",43
"ตรัง","สพป.ตรัง เขต 1","ย่านตาขาว",37
"ตรัง","สพป.ตรัง เขต 1","หาดสำราญ",13
"ตรัง","สพป.ตรัง เขต 1","เมืองตรัง",41
"ตรัง","สพป.ตรัง เขต 2","กันตัง",46
"ตรัง","สพป.ตรัง เขต 2","รัษฎา",23
"ตรัง","สพป.ตรัง เขต 2","วังวิเศษ",22
"ตรัง","สพป.ตรัง เขต 2","สิเกา",32
"ตรัง","สพป.ตรัง เขต 2","ห้วยยอด",47
"ตรัง","สพม.ตรังกระบี่","กันตัง",4
"ตรัง","สพม.ตรังกระบี่","นาโยง",6
"ตรัง","สพม.ตรังกระบี่","ปะเหลียน",6
"ตรัง","สพม.ตรังกระบี่","ย่านตาขาว",12
"ตรัง","สพม.ตรังกระบี่","รัษฎา",2
"ตรัง","สพม.ตรังกระบี่","วังวิเศษ",4
"ตรัง","สพม.ตรังกระบี่","สิเกา",2
"ตรัง","สพม.ตรังกระบี่","หาดสำราญ",2
"ตรัง","สพม.ตรังกระบี่","ห้วยยอด",14
"ตรัง","สพม.ตรังกระบี่","เมืองตรัง",10
"ตราด","สพป.ตราด","คลองใหญ่",11
"ตราด","สพป.ตราด","บ่อไร่",24
"ตราด","สพป.ตราด","เกาะกูด",3
"ตราด","สพป.ตราด","เกาะช้าง",7
"ตราด","สพป.ตราด","เขาสมิง",32
"ตราด","สพป.ตราด","เมืองตราด",40
"ตราด","สพป.ตราด","แหลมงอบ",8
"ตราด","สพม.จันทบุรีตราด","คลองใหญ่",2
"ตราด","สพม.จันทบุรีตราด","บ่อไร่",4
"ตราด","สพม.จันทบุรีตราด","เกาะกูด",2
"ตราด","สพม.จันทบุรีตราด","เกาะช้าง",3
"ตราด","สพม.จันทบุรีตราด","เขาสมิง",4
"ตราด","สพม.จันทบุรีตราด","เมืองตราด",16
"ตราด","สพม.จันทบุรีตราด","แหลมงอบ",2
"ตาก","สพป.ตาก เขต 1","บ้านตาก",33
"ตาก","สพป.ตาก เขต 1","วังเจ้า",19
"ตาก","สพป.ตาก เขต 1","สามเงา",33
"ตาก","สพป.ตาก เขต 1","เมืองตาก",48
"ตาก","สพป.ตาก เขต 2","ท่าสองยาง",46
"ตาก","สพป.ตาก เขต 2","พบพระ",42
"ตาก","สพป.ตาก เขต 2","อุ้มผาง",23
"ตาก","สพป.ตาก เขต 2","แม่ระมาด",27
"ตาก","สพป.ตาก เขต 2","แม่สอด",55
"ตาก","สพม.ตาก","ท่าสองยาง",2
"ตาก","สพม.ตาก","บ้านตาก",2
"ตาก","สพม.ตาก","พบพระ",4
"ตาก","สพม.ตาก","วังเจ้า",4
"ตาก","สพม.ตาก","สามเงา",4
"ตาก","สพม.ตาก","อุ้มผาง",2
"ตาก","สพม.ตาก","เมืองตาก",12
"ตาก","สพม.ตาก","แม่ระมาด",6
"ตาก","สพม.ตาก","แม่สอด",8
"นครนายก","สพป.นครนายก","บ้านนา",34
"นครนายก","สพป.นครนายก","ปากพลี",15
"นครนายก","สพป.นครนายก","องครักษ์",40
"นครนายก","สพป.นครนายก","เมืองนครนายก",51
"นครนายก","สพม.ปราจีนบุรีนครนายก","บ้านนา",4
"นครนายก","สพม.ปราจีนบุรีนครนายก","ปากพลี",2
"นครนายก","สพม.ปราจีนบุรีนครนายก","องครักษ์",4
"นครนายก","สพม.ปราจีนบุรีนครนายก","เมืองนครนายก",8
"นครปฐม","สพป.นครปฐม เขต 1","กำแพงแสน",56
"นครปฐม","สพป.นครปฐม เขต 1","ดอนตูม",24
"นครปฐม","สพป.นครปฐม เขต 1","เมืองนครปฐม",58
"นครปฐม","สพป.นครปฐม เขต 2","นครชัยศรี",33
"นครปฐม","สพป.นครปฐม เขต 2","บางเลน",55
"นครปฐม","สพป.นครปฐม เขต 2","พุทธมณฑล",11
"นครปฐม","สพป.นครปฐม เขต 2","สามพราน",34
"นครปฐม","สพม.นครปฐม","กำแพงแสน",8
"นครปฐม","สพม.นครปฐม","ดอนตูม",4
"นครปฐม","สพม.นครปฐม","นครชัยศรี",12
"นครปฐม","สพม.นครปฐม","บางเลน",8
"นครปฐม","สพม.นครปฐม","สามพราน",6
"นครปฐม","สพม.นครปฐม","เมืองนครปฐม",14
"นครพนม","สพป.นครพนม เขต 1","ธาตุพนม",36
"นครพนม","สพป.นครพนม เขต 1","นาแก",57
"นครพนม","สพป.นครพนม เขต 1","ปลาปาก",48
"นครพนม","สพป.นครพนม เขต 1","วังยาง",10
"นครพนม","สพป.นครพนม เขต 1","เมืองนครพนม",66
"นครพนม","สพป.นครพนม เขต 1","เรณูนคร",38
"นครพนม","สพป.นครพนม เขต 2","ท่าอุเทน",50
"นครพนม","สพป.นครพนม เขต 2","นาทม",16
"นครพนม","สพป.นครพนม เขต 2","นาหว้า",30
"นครพนม","สพป.นครพนม เขต 2","บ้านแพง",28
"นครพนม","สพป.นครพนม เขต 2","ศรีสงคราม",47
"นครพนม","สพป.นครพนม เขต 2","โพนสวรรค์",42
"นครพนม","สพม.นครพนม","ท่าอุเทน",12
"นครพนม","สพม.นครพนม","ธาตุพนม",12
"นครพนม","สพม.นครพนม","นาทม",6
"นครพนม","สพม.นครพนม","นาหว้า",6
"นครพนม","สพม.นครพนม","นาแก",12
"นครพนม","สพม.นครพนม","บ้านแพง",6
"นครพนม","สพม.นครพนม","ปลาปาก",14
"นครพนม","สพม.นครพนม","วังยาง",4
"นครพนม","สพม.นครพนม","ศรีสงคราม",14
"นครพนม","สพม.นครพนม","เมืองนครพนม",20
"นครพนม","สพม.นครพนม","เรณูนคร",4
"นครพนม","สพม.นครพนม","โพนสวรรค์",4
"นครราชสีมา","สพป.นครราชสีมา เขต 1","เมืองนครราชสีมา",88
"นครราชสีมา","สพป.นครราชสีมา เขต 1","โนนสูง",64
"นครราชสีมา","สพป.นครราชสีมา เขต 2","จักราช",54
"นครราชสีมา","สพป.นครราชสีมา เขต 2","ห้วยแถลง",59
"นครราชสีมา","สพป.นครราชสีมา เขต 2","เฉลิมพระเกียรติ",22
"นครราชสีมา","สพป.นครราชสีมา เขต 2","โชคชัย",52
"นครราชสีมา","สพป.นครราชสีมา เขต 3","ครบุรี",61
"นครราชสีมา","สพป.นครราชสีมา เขต 3","ปักธงชัย",76
"นครราชสีมา","สพป.นครราชสีมา เขต 3","วังน้ำเขียว",50
"นครราชสีมา","สพป.นครราชสีมา เขต 3","เสิงสาง",53
"นครราชสีมา","สพป.นครราชสีมา เขต 4","ปากช่อง",98
"นครราชสีมา","สพป.นครราชสีมา เขต 4","สีคิ้ว",77
"นครราชสีมา","สพป.นครราชสีมา เขต 4","สูงเนิน",48
"นครราชสีมา","สพป.นครราชสีมา เขต 5","ขามทะเลสอ",25
"นครราชสีมา","สพป.นครราชสีมา เขต 5","ขามสะแกแสง",26
"นครราชสีมา","สพป.นครราชสีมา เขต 5","ด่านขุนทด",102
"นครราชสีมา","สพป.นครราชสีมา เขต 5","พระทองคำ",24
"นครราชสีมา","สพป.นครราชสีมา เขต 5","เทพารักษ์",23
"นครราชสีมา","สพป.นครราชสีมา เขต 5","โนนไทย",52
"นครราชสีมา","สพป.นครราชสีมา เขต 6","คง",72
"นครราชสีมา","สพป.นครราชสีมา เขต 6","บัวลาย",19
"นครราชสีมา","สพป.นครราชสีมา เขต 6","บัวใหญ่",63
"นครราชสีมา","สพป.นครราชสีมา เขต 6","บ้านเหลื่อม",23
"นครราชสีมา","สพป.นครราชสีมา เขต 6","สีดา",16
"นครราชสีมา","สพป.นครราชสีมา เขต 6","แก้งสนามนาง",30
"นครราชสีมา","สพป.นครราชสีมา เขต 7","ชุมพวง",62
"นครราชสีมา","สพป.นครราชสีมา เขต 7","ประทาย",75
"นครราชสีมา","สพป.นครราชสีมา เขต 7","พิมาย",70
"นครราชสีมา","สพป.นครราชสีมา เขต 7","ลำทะเมนชัย",28
"นครราชสีมา","สพป.นครราชสีมา เขต 7","เมืองยาง",20
"นครราชสีมา","สพป.นครราชสีมา เขต 7","โนนแดง",30
"นครราชสีมา","สพม.นครราชสีมา","ขามทะเลสอ",4
"นครราชสีมา","สพม.นครราชสีมา","ขามสะแกแสง",2
"นครราชสีมา","สพม.นครราชสีมา","คง",4
"นครราชสีมา","สพม.นครราชสีมา","ครบุรี",2
"นครราชสีมา","สพม.นครราชสีมา","ชุมพวง",2
"นครราชสีมา","สพม.นครราชสีมา","ด่านขุนทด",6
"นครราชสีมา","สพม.นครราชสีมา","บัวใหญ่",2
"นครราชสีมา","สพม.นครราชสีมา","ประทาย",2
"นครราชสีมา","สพม.นครราชสีมา","ปักธงชัย",4
"นครราชสีมา","สพม.นครราชสีมา","ปากช่อง",2
"นครราชสีมา","สพม.นครราชสีมา","พระทองคำ",2
"นครราชสีมา","สพม.นครราชสีมา","พิมาย",6
"นครราชสีมา","สพม.นครราชสีมา","ลำทะเมนชัย",2
"นครราชสีมา","สพม.นครราชสีมา","สีคิ้ว",4
"นครราชสีมา","สพม.นครราชสีมา","สีดา",2
"นครราชสีมา","สพม.นครราชสีมา","ห้วยแถลง",6
"นครราชสีมา","สพม.นครราชสีมา","เฉลิมพระเกียรติ",2
"นครราชสีมา","สพม.นครราชสีมา","เมืองนครราชสีมา",24
"นครราชสีมา","สพม.นครราชสีมา","เสิงสาง",4
"นครราชสีมา","สพม.นครราชสีมา","แก้งสนามนาง",4
"นครราชสีมา","สพม.นครราชสีมา","โชคชัย",2
"นครราชสีมา","สพม.นครราชสีมา","โนนสูง",4
"นครราชสีมา","สพม.นครราชสีมา","โนนแดง",4
"นครศรีธรรมราช","สพป.นครศรีธรรมราช เขต 1","พระพรหม",21
"นครศรีธรรมราช","สพป.นครศรีธรรมราช เขต 1","ลานสกา",26
"นครศรีธรรมราช","สพป.นครศรีธรรมราช เขต 1","เฉลิมพระเกียรติ",15
"นครศรีธรรมราช","สพป.นครศรีธรรมราช เขต 1","เมืองนครศรีธรรมราช",68
"นครศรีธรรมราช","สพป.นครศรีธรรมราช เขต 2","ฉวาง",38
"นครศรีธรรมราช","สพป.นครศรีธรรมราช เขต 2","ช้างกลาง",23
"นครศรีธรรมราช","สพป.นครศรีธรรมราช เขต 2","ถ้ำพรรณรา",15
"นครศรีธรรมราช","สพป.นครศรีธรรมราช เขต 2","ทุ่งสง",61
"นครศรีธรรมราช","สพป.นครศรีธรรมราช เขต 2","ทุ่งใหญ่",48
"นครศรีธรรมราช","สพป.นครศรีธรรมราช เขต 2","นาบอน",16
"นครศรีธรรมราช","สพป.นครศรีธรรมราช เขต 2","บางขัน",22
"นครศรีธรรมราช","สพป.นครศรีธรรมราช เขต 2","พิปูน",18
"นครศรีธรรมราช","สพป.นครศรีธรรมราช เขต 3","จุฬาภรณ์",21
"นครศรีธรรมราช","สพป.นครศรีธรรมราช เขต 3","ชะอวด",65
"นครศรีธรรมราช","สพป.นครศรีธรรมราช เขต 3","ปากพนัง",63
"นครศรีธรรมราช","สพป.นครศรีธรรมราช เขต 3","ร่อนพิบูลย์",51
"นครศรีธรรมราช","สพป.นครศรีธรรมราช เขต 3","หัวไทร",40
"นครศรีธรรมราช","สพป.นครศรีธรรมราช เขต 3","เชียรใหญ่",37
"นครศรีธรรมราช","สพป.นครศรีธรรมราช เขต 4","ขนอม",21
"นครศรีธรรมราช","สพป.นครศรีธรรมราช เขต 4","ท่าศาลา",53
"นครศรีธรรมราช","สพป.นครศรีธรรมราช เขต 4","นบพิตำ",15
"นครศรีธรรมราช","สพป.นครศรีธรรมราช เขต 4","พรหมคีรี",26
"นครศรีธรรมราช","สพป.นครศรีธรรมราช เขต 4","สิชล",51
"นครศรีธรรมราช","สพม.นครศรีธรรมราช","ขนอม",4
"นครศรีธรรมราช","สพม.นครศรีธรรมราช","จุฬาภรณ์",2
"นครศรีธรรมราช","สพม.นครศรีธรรมราช","ฉวาง",4
"นครศรีธรรมราช","สพม.นครศรีธรรมราช","ชะอวด",10
"นครศรีธรรมราช","สพม.นครศรีธรรมราช","ช้างกลาง",2
"นครศรีธรรมราช","สพม.นครศรีธรรมราช","ถ้ำพรรณรา",2
"นครศรีธรรมราช","สพม.นครศรีธรรมราช","ทุ่งสง",12
"นครศรีธรรมราช","สพม.นครศรีธรรมราช","ทุ่งใหญ่",8
"นครศรีธรรมราช","สพม.นครศรีธรรมราช","ท่าศาลา",8
"นครศรีธรรมราช","สพม.นครศรีธรรมราช","นบพิตำ",4
"นครศรีธรรมราช","สพม.นครศรีธรรมราช","นาบอน",2
"นครศรีธรรมราช","สพม.นครศรีธรรมราช","บางขัน",4
"นครศรีธรรมราช","สพม.นครศรีธรรมราช","ปากพนัง",8
"นครศรีธรรมราช","สพม.นครศรีธรรมราช","พรหมคีรี",4
"นครศรีธรรมราช","สพม.นครศรีธรรมราช","พระพรหม",9
"นครศรีธรรมราช","สพม.นครศรีธรรมราช","พิปูน",4
"นครศรีธรรมราช","สพม.นครศรีธรรมราช","ร่อนพิบูลย์",14
"นครศรีธรรมราช","สพม.นครศรีธรรมราช","ลานสกา",5
"นครศรีธรรมราช","สพม.นครศรีธรรมราช","สิชล",8
"นครศรีธรรมราช","สพม.นครศรีธรรมราช","หัวไทร",12
"นครศรีธรรมราช","สพม.นครศรีธรรมราช","เฉลิมพระเกียรติ",2
"นครศรีธรรมราช","สพม.นครศรีธรรมราช","เชียรใหญ่",7
"นครศรีธรรมราช","สพม.นครศรีธรรมราช","เมืองนครศรีธรรมราช",18
"นครสวรรค์","สพป.นครสวรรค์ เขต 1","ชุมแสง",33
"นครสวรรค์","สพป.นครสวรรค์ เขต 1","พยุหะคีรี",36
"นครสวรรค์","สพป.นครสวรรค์ เขต 1","เก้าเลี้ยว",14
"นครสวรรค์","สพป.นครสวรรค์ เขต 1","เมืองนครสวรรค์",56
"นครสวรรค์","สพป.นครสวรรค์ เขต 1","โกรกพระ",25
"นครสวรรค์","สพป.นครสวรรค์ เขต 2","บรรพตพิสัย",56
"นครสวรรค์","สพป.นครสวรรค์ เขต 2","ลาดยาว",62
"นครสวรรค์","สพป.นครสวรรค์ เขต 2","แม่วงก์",41
"นครสวรรค์","สพป.นครสวรรค์ เขต 3","ตากฟ้า",23
"นครสวรรค์","สพป.นครสวรรค์ เขต 3","ตาคลี",50
"นครสวรรค์","สพป.นครสวรรค์ เขต 3","ท่าตะโก",39
"นครสวรรค์","สพป.นครสวรรค์ เขต 3","หนองบัว",49
"นครสวรรค์","สพป.นครสวรรค์ เขต 3","ไพศาลี",43
"นครสวรรค์","สพม.นครสวรรค์","ชุมแสง",4
"นครสวรรค์","สพม.นครสวรรค์","ตากฟ้า",6
"นครสวรรค์","สพม.นครสวรรค์","ตาคลี",14
"นครสวรรค์","สพม.นครสวรรค์","ท่าตะโก",4
"นครสวรรค์","สพม.นครสวรรค์","บรรพตพิสัย",6
"นครสวรรค์","สพม.นครสวรรค์","พยุหะคีรี",6
"นครสวรรค์","สพม.นครสวรรค์","ลาดยาว",6
"นครสวรรค์","สพม.นครสวรรค์","หนองบัว",4
"นครสวรรค์","สพม.นครสวรรค์","เก้าเลี้ยว",4
"นครสวรรค์","สพม.นครสวรรค์","เมืองนครสวรรค์",10
"นครสวรรค์","สพม.นครสวรรค์","แม่วงก์",2
"นครสวรรค์","สพม.นครสวรรค์","โกรกพระ",2
"นครสวรรค์","สพม.นครสวรรค์","ไพศาลี",6
"นนทบุรี","สพป.นนทบุรี เขต 1","บางกรวย",5
"นนทบุรี","สพป.นนทบุรี เขต 1","เมืองนนทบุรี",16
"นนทบุรี","สพป.นนทบุรี เขต 2","บางบัวทอง",15
"นนทบุรี","สพป.นนทบุรี เขต 2","บางใหญ่",3
"นนทบุรี","สพป.นนทบุรี เขต 2","ปากเกร็ด",16
"นนทบุรี","สพป.นนทบุรี เขต 2","ไทรน้อย",14
"นนทบุรี","สพม.นนทบุรี","บางกรวย",4
"นนทบุรี","สพม.นนทบุรี","บางบัวทอง",2
"นนทบุรี","สพม.นนทบุรี","บางใหญ่",2
"นนทบุรี","สพม.นนทบุรี","ปากเกร็ด",8
"นนทบุรี","สพม.นนทบุรี","เมืองนนทบุรี",12
"นนทบุรี","สพม.นนทบุรี","ไทรน้อย",6
"นราธิวาส","สพป.นราธิวาส เขต 1","บาเจาะ",30
"นราธิวาส","สพป.นราธิวาส เขต 1","ยี่งอ",21
"นราธิวาส","สพป.นราธิวาส เขต 1","รือเสาะ",47
"นราธิวาส","สพป.นราธิวาส เขต 1","ศรีสาคร",20
"นราธิวาส","สพป.นราธิวาส เขต 1","เมืองนราธิวาส",41
"นราธิวาส","สพป.นราธิวาส เขต 2","ตากใบ",35
"นราธิวาส","สพป.นราธิวาส เขต 2","สุคิริน",21
"นราธิวาส","สพป.นราธิวาส เขต 2","สุไหงปาดี",35
"นราธิวาส","สพป.นราธิวาส เขต 2","สุไหงโก-ลก",18
"นราธิวาส","สพป.นราธิวาส เขต 2","แว้ง",30
"นราธิวาส","สพป.นราธิวาส เขต 3","จะแนะ",23
"นราธิวาส","สพป.นราธิวาส เขต 3","ระแงะ",48
"นราธิวาส","สพป.นราธิวาส เขต 3","เจาะไอร้อง",25
"นราธิวาส","สพม.นราธิวาส","จะแนะ",4
"นราธิวาส","สพม.นราธิวาส","ตากใบ",2
"นราธิวาส","สพม.นราธิวาส","บาเจาะ",4
"นราธิวาส","สพม.นราธิวาส","ยี่งอ",4
"นราธิวาส","สพม.นราธิวาส","ระแงะ",2
"นราธิวาส","สพม.นราธิวาส","รือเสาะ",2
"นราธิวาส","สพม.นราธิวาส","ศรีสาคร",2
"นราธิวาส","สพม.นราธิวาส","สุคิริน",2
"นราธิวาส","สพม.นราธิวาส","สุไหงปาดี",4
"นราธิวาส","สพม.นราธิวาส","สุไหงโก-ลก",4
"นราธิวาส","สพม.นราธิวาส","เจาะไอร้อง",4
"นราธิวาส","สพม.นราธิวาส","เมืองนราธิวาส",4
"นราธิวาส","สพม.นราธิวาส","แว้ง",2
"น่าน","สพป.น่าน เขต 1","นาน้อย",34
"น่าน","สพป.น่าน เขต 1","นาหมื่น",15
"น่าน","สพป.น่าน เขต 1","บ้านหลวง",9
"น่าน","สพป.น่าน เขต 1","ภูเพียง",19
"น่าน","สพป.น่าน เขต 1","สันติสุข",15
"น่าน","สพป.น่าน เขต 1","เมืองน่าน",55
"น่าน","สพป.น่าน เขต 1","เวียงสา",60
"น่าน","สพป.น่าน เขต 1","แม่จริม",20
"น่าน","สพป.น่าน เขต 2","ทุ่งช้าง",15
"น่าน","สพป.น่าน เขต 2","ท่าวังผา",40
"น่าน","สพป.น่าน เขต 2","บ่อเกลือ",20
"น่าน","สพป.น่าน เขต 2","ปัว",46
"น่าน","สพป.น่าน เขต 2","สองแคว",15
"น่าน","สพป.น่าน เขต 2","เฉลิมพระเกียรติ",16
"น่าน","สพป.น่าน เขต 2","เชียงกลาง",26
"น่าน","สพม.น่าน","ทุ่งช้าง",2
"น่าน","สพม.น่าน","ท่าวังผา",10
"น่าน","สพม.น่าน","นาน้อย",4
"น่าน","สพม.น่าน","นาหมื่น",4
"น่าน","สพม.น่าน","บ่อเกลือ",2
"น่าน","สพม.น่าน","บ้านหลวง",2
"น่าน","สพม.น่าน","ปัว",8
"น่าน","สพม.น่าน","ภูเพียง",6
"น่าน","สพม.น่าน","สันติสุข",2
"น่าน","สพม.น่าน","เฉลิมพระเกียรติ",2
"น่าน","สพม.น่าน","เชียงกลาง",2
"น่าน","สพม.น่าน","เมืองน่าน",9
"น่าน","สพม.น่าน","เวียงสา",6
"น่าน","สพม.น่าน","แม่จริม",2
"บึงกาฬ","สพป.บึงกาฬ","บึงโขงหลง",22
"บึงกาฬ","สพป.บึงกาฬ","บุ่งคล้า",9
"บึงกาฬ","สพป.บึงกาฬ","ปากคาด",21
"บึงกาฬ","สพป.บึงกาฬ","พรเจริญ",31
"บึงกาฬ","สพป.บึงกาฬ","ศรีวิไล",17
"บึงกาฬ","สพป.บึงกาฬ","เซกา",52
"บึงกาฬ","สพป.บึงกาฬ","โซ่พิสัย",47
"บึงกาฬ","สพม.บึงกาฬ","บึงโขงหลง",6
"บึงกาฬ","สพม.บึงกาฬ","บุ่งคล้า",2
"บึงกาฬ","สพม.บึงกาฬ","ปากคาด",6
"บึงกาฬ","สพม.บึงกาฬ","พรเจริญ",8
"บึงกาฬ","สพม.บึงกาฬ","ศรีวิไล",4
"บึงกาฬ","สพม.บึงกาฬ","เซกา",12
"บึงกาฬ","สพม.บึงกาฬ","โซ่พิสัย",10
"บุรีรัมย์","สพป.บุรีรัมย์ เขต 1","ชำนิ",25
"บุรีรัมย์","สพป.บุรีรัมย์ เขต 1","บ้านด่าน",25
"บุรีรัมย์","สพป.บุรีรัมย์ เขต 1","ลำปลายมาศ",81
"บุรีรัมย์","สพป.บุรีรัมย์ เขต 1","เมืองบุรีรัมย์",130
"บุรีรัมย์","สพป.บุรีรัมย์ เขต 2","กระสัง",79
"บุรีรัมย์","สพป.บุรีรัมย์ เขต 2","บ้านกรวด",65
"บุรีรัมย์","สพป.บุรีรัมย์ เขต 2","ประโคนชัย",108
"บุรีรัมย์","สพป.บุรีรัมย์ เขต 2","พลับพลาชัย",35
"บุรีรัมย์","สพป.บุรีรัมย์ เขต 2","ห้วยราช",24
"บุรีรัมย์","สพป.บุรีรัมย์ เขต 3","นางรอง",66
"บุรีรัมย์","สพป.บุรีรัมย์ เขต 3","ปะคำ",32
"บุรีรัมย์","สพป.บุรีรัมย์ เขต 3","ละหานทราย",46
"บุรีรัมย์","สพป.บุรีรัมย์ เขต 3","หนองกี่",54
"บุรีรัมย์","สพป.บุรีรัมย์ เขต 3","หนองหงส์",48
"บุรีรัมย์","สพป.บุรีรัมย์ เขต 3","เฉลิมพระเกียรติ",20
"บุรีรัมย์","สพป.บุรีรัมย์ เขต 3","โนนดินแดง",14
"บุรีรัมย์","สพป.บุรีรัมย์ เขต 3","โนนสุวรรณ",14
"บุรีรัมย์","สพป.บุรีรัมย์ เขต 4","คูเมือง",59
"บุรีรัมย์","สพป.บุรีรัมย์ เขต 4","นาโพธิ์",23
"บุรีรัมย์","สพป.บุรีรัมย์ เขต 4","บ้านใหม่ไชยพจน์",21
"บุรีรัมย์","สพป.บุรีรัมย์ เขต 4","พุทไธสง",28
"บุรีรัมย์","สพป.บุรีรัมย์ เขต 4","สตึก",78
"บุรีรัมย์","สพป.บุรีรัมย์ เขต 4","แคนดง",24
"บุรีรัมย์","สพม.บุรีรัมย์","กระสัง",8
"บุรีรัมย์","สพม.บุรีรัมย์","คูเมือง",6
"บุรีรัมย์","สพม.บุรีรัมย์","ชำนิ",2
"บุรีรัมย์","สพม.บุรีรัมย์","นางรอง",16
"บุรีรัมย์","สพม.บุรีรัมย์","นาโพธิ์",6
"บุรีรัมย์","สพม.บุรีรัมย์","บ้านกรวด",4
"บุรีรัมย์","สพม.บุรีรัมย์","บ้านด่าน",2
"บุรีรัมย์","สพม.บุรีรัมย์","บ้านใหม่ไชยพจน์",4
"บุรีรัมย์","สพม.บุรีรัมย์","ประโคนชัย",12
"บุรีรัมย์","สพม.บุรีรัมย์","ปะคำ",4
"บุรีรัมย์","สพม.บุรีรัมย์","พลับพลาชัย",2
"บุรีรัมย์","สพม.บุรีรัมย์","พุทไธสง",2
"บุรีรัมย์","สพม.บุรีรัมย์","ละหานทราย",10
"บุรีรัมย์","สพม.บุรีรัมย์","ลำปลายมาศ",14
"บุรีรัมย์","สพม.บุรีรัมย์","สตึก",12
"บุรีรัมย์","สพม.บุรีรัมย์","หนองกี่",5
"บุรีรัมย์","สพม.บุรีรัมย์","หนองหงส์",4
"บุรีรัมย์","สพม.บุรีรัมย์","ห้วยราช",2
"บุรีรัมย์","สพม.บุรีรัมย์","เฉลิมพระเกียรติ",2
"บุรีรัมย์","สพม.บุรีรัมย์","เมืองบุรีรัมย์",20
"บุรีรัมย์","สพม.บุรีรัมย์","แคนดง",4
"บุรีรัมย์","สพม.บุรีรัมย์","โนนดินแดง",2
"บุรีรัมย์","สพม.บุรีรัมย์","โนนสุวรรณ",4
"ปทุมธานี","สพป.ปทุมธานี เขต 1","คลองหลวง",34
"ปทุมธานี","สพป.ปทุมธานี เขต 1","ลาดหลุมแก้ว",26
"ปทุมธานี","สพป.ปทุมธานี เขต 1","สามโคก",26
"ปทุมธานี","สพป.ปทุมธานี เขต 1","เมืองปทุมธานี",30
"ปทุมธานี","สพป.ปทุมธานี เขต 2","ธัญบุรี",22
"ปทุมธานี","สพป.ปทุมธานี เขต 2","ลำลูกกา",40
"ปทุมธานี","สพป.ปทุมธานี เขต 2","หนองเสือ",29
"ปทุมธานี","สพม.ปทุมธานี","คลองหลวง",6
"ปทุมธานี","สพม.ปทุมธานี","ธัญบุรี",2
"ปทุมธานี","สพม.ปทุมธานี","ลาดหลุมแก้ว",9
"ปทุมธานี","สพม.ปทุมธานี","ลำลูกกา",8
"ปทุมธานี","สพม.ปทุมธานี","หนองเสือ",2
"ปทุมธานี","สพม.ปทุมธานี","เมืองปทุมธานี",4
"ประจวบคีรีขันธ์","สพป.ประจวบคีรีขันธ์ เขต 1","ทับสะแก",30
"ประจวบคีรีขันธ์","สพป.ประจวบคีรีขันธ์ เขต 1","บางสะพาน",54
"ประจวบคีรีขันธ์","สพป.ประจวบคีรีขันธ์ เขต 1","บางสะพานน้อย",31
"ประจวบคีรีขันธ์","สพป.ประจวบคีรีขันธ์ เขต 1","เมืองประจวบคีรีขันธ์",40
"ประจวบคีรีขันธ์","สพป.ประจวบคีรีขันธ์ เขต 2","กุยบุรี",27
"ประจวบคีรีขันธ์","สพป.ประจวบคีรีขันธ์ เขต 2","ปราณบุรี",13
"ประจวบคีรีขันธ์","สพป.ประจวบคีรีขันธ์ เขต 2","สามร้อยยอด",32
"ประจวบคีรีขันธ์","สพป.ประจวบคีรีขันธ์ เขต 2","หัวหิน",32
"ประจวบคีรีขันธ์","สพม.ประจวบคีรีขันธ์","กุยบุรี",4
"ประจวบคีรีขันธ์","สพม.ประจวบคีรีขันธ์","ทับสะแก",6
"ประจวบคีรีขันธ์","สพม.ประจวบคีรีขันธ์","บางสะพาน",7
"ประจวบคีรีขันธ์","สพม.ประจวบคีรีขันธ์","บางสะพานน้อย",2
"ประจวบคีรีขันธ์","สพม.ประจวบคีรีขันธ์","ปราณบุรี",4
"ประจวบคีรีขันธ์","สพม.ประจวบคีรีขันธ์","สามร้อยยอด",2
"ประจวบคีรีขันธ์","สพม.ประจวบคีรีขันธ์","หัวหิน",8
"ประจวบคีรีขันธ์","สพม.ประจวบคีรีขันธ์","เมืองประจวบคีรีขันธ์",8
"ปราจีนบุรี","สพป.ปราจีนบุรี เขต 1","บ้านสร้าง",19
"ปราจีนบุรี","สพป.ปราจีนบุรี เขต 1","ประจันตคาม",38
"ปราจีนบุรี","สพป.ปราจีนบุรี เขต 1","ศรีมหาโพธิ",39
"ปราจีนบุรี","สพป.ปราจีนบุรี เขต 1","ศรีมโหสถ",12
"ปราจีนบุรี","สพป.ปราจีนบุรี เขต 1","เมืองปราจีนบุรี",33
"ปราจีนบุรี","สพป.ปราจีนบุรี เขต 2","กบินทร์บุรี",107
"ปราจีนบุรี","สพป.ปราจีนบุรี เขต 2","นาดี",38
"ปราจีนบุรี","สพม.ปราจีนบุรีนครนายก","กบินทร์บุรี",12
"ปราจีนบุรี","สพม.ปราจีนบุรีนครนายก","นาดี",4
"ปราจีนบุรี","สพม.ปราจีนบุรีนครนายก","บ้านสร้าง",4
"ปราจีนบุรี","สพม.ปราจีนบุรีนครนายก","ประจันตคาม",6
"ปราจีนบุรี","สพม.ปราจีนบุรีนครนายก","ศรีมหาโพธิ",4
"ปราจีนบุรี","สพม.ปราจีนบุรีนครนายก","ศรีมโหสถ",2
"ปราจีนบุรี","สพม.ปราจีนบุรีนครนายก","เมืองปราจีนบุรี",4
"ปัตตานี","สพป.ปัตตานี เขต 1","ปะนาเระ",33
"ปัตตานี","สพป.ปัตตานี เขต 1","ยะหริ่ง",49
"ปัตตานี","สพป.ปัตตานี เขต 1","หนองจิก",50
"ปัตตานี","สพป.ปัตตานี เขต 1","เมืองปัตตานี",30
"ปัตตานี","สพป.ปัตตานี เขต 2","มายอ",31
"ปัตตานี","สพป.ปัตตานี เขต 2","ยะรัง",41
"ปัตตานี","สพป.ปัตตานี เขต 2","แม่ลาน",13
"ปัตตานี","สพป.ปัตตานี เขต 2","โคกโพธิ์",45
"ปัตตานี","สพป.ปัตตานี เขต 3","กะพ้อ",11
"ปัตตานี","สพป.ปัตตานี เขต 3","ทุ่งยางแดง",11
"ปัตตานี","สพป.ปัตตานี เขต 3","สายบุรี",36
"ปัตตานี","สพป.ปัตตานี เขต 3","ไม้แก่น",12
"ปัตตานี","สพม.ปัตตานี","กะพ้อ",2
"ปัตตานี","สพม.ปัตตานี","ทุ่งยางแดง",4
"ปัตตานี","สพม.ปัตตานี","ปะนาเระ",4
"ปัตตานี","สพม.ปัตตานี","ยะรัง",6
"ปัตตานี","สพม.ปัตตานี","ยะหริ่ง",2
"ปัตตานี","สพม.ปัตตานี","หนองจิก",4
"ปัตตานี","สพม.ปัตตานี","เมืองปัตตานี",4
"ปัตตานี","สพม.ปัตตานี","แม่ลาน",2
"ปัตตานี","สพม.ปัตตานี","โคกโพธิ์",4
"ปัตตานี","สพม.ปัตตานี","ไม้แก่น",4
"พระนครศรีอยุธยา","สพป.พระนครศรีอยุธยา เขต 1","ท่าเรือ",19
"พระนครศรีอยุธยา","สพป.พระนครศรีอยุธยา เขต 1","นครหลวง",17
"พระนครศรีอยุธยา","สพป.พระนครศรีอยุธยา เขต 1","บางปะหัน",30
"พระนครศรีอยุธยา","สพป.พระนครศรีอยุธยา เขต 1","บ้านแพรก",6
"พระนครศรีอยุธยา","สพป.พระนครศรีอยุธยา เขต 1","พระนครศรีอยุธยา",30
"พระนครศรีอยุธยา","สพป.พระนครศรีอยุธยา เขต 1","ภาชี",12
"พระนครศรีอยุธยา","สพป.พระนครศรีอยุธยา เขต 1","มหาราช",16
"พระนครศรีอยุธยา","สพป.พระนครศรีอยุธยา เขต 1","วังน้อย",42
"พระนครศรีอยุธยา","สพป.พระนครศรีอยุธยา เขต 1","อุทัย",28
"พระนครศรีอยุธยา","สพป.พระนครศรีอยุธยา เขต 2","บางซ้าย",19
"พระนครศรีอยุธยา","สพป.พระนครศรีอยุธยา เขต 2","บางบาล",23
"พระนครศรีอยุธยา","สพป.พระนครศรีอยุธยา เขต 2","บางปะอิน",33
"พระนครศรีอยุธยา","สพป.พระนครศรีอยุธยา เขต 2","บางไทร",22
"พระนครศรีอยุธยา","สพป.พระนครศรีอยุธยา เขต 2","ผักไห่",21
"พระนครศรีอยุธยา","สพป.พระนครศรีอยุธยา เขต 2","ลาดบัวหลวง",35
"พระนครศรีอยุธยา","สพป.พระนครศรีอยุธยา เขต 2","เสนา",29
"พระนครศรีอยุธยา","สพม.พระนครศรีอยุธยา","ท่าเรือ",2
"พระนครศรีอยุธยา","สพม.พระนครศรีอยุธยา","นครหลวง",2
"พระนครศรีอยุธยา","สพม.พระนครศรีอยุธยา","บางซ้าย",2
"พระนครศรีอยุธยา","สพม.พระนครศรีอยุธยา","บางบาล",2
"พระนครศรีอยุธยา","สพม.พระนครศรีอยุธยา","บางปะหัน",4
"พระนครศรีอยุธยา","สพม.พระนครศรีอยุธยา","บางปะอิน",4
"พระนครศรีอยุธยา","สพม.พระนครศรีอยุธยา","บางไทร",2
"พระนครศรีอยุธยา","สพม.พระนครศรีอยุธยา","บ้านแพรก",4
"พระนครศรีอยุธยา","สพม.พระนครศรีอยุธยา","ผักไห่",4
"พระนครศรีอยุธยา","สพม.พระนครศรีอยุธยา","พระนครศรีอยุธยา",8
"พระนครศรีอยุธยา","สพม.พระนครศรีอยุธยา","ลาดบัวหลวง",2
"พระนครศรีอยุธยา","สพม.พระนครศรีอยุธยา","วังน้อย",2
"พระนครศรีอยุธยา","สพม.พระนครศรีอยุธยา","อุทัย",4
"พระนครศรีอยุธยา","สพม.พระนครศรีอยุธยา","เสนา",4
"พะเยา","สพป.พะเยา เขต 1","ดอกคำใต้",32
"พะเยา","สพป.พะเยา เขต 1","ภูกามยาว",12
"พะเยา","สพป.พะเยา เขต 1","เมืองพะเยา",34
"พะเยา","สพป.พะเยา เขต 1","แม่ใจ",24
"พะเยา","สพป.พะเยา เขต 2","จุน",30
"พะเยา","สพป.พะเยา เขต 2","ปง",46
"พะเยา","สพป.พะเยา เขต 2","ภูซาง",22
"พะเยา","สพป.พะเยา เขต 2","เชียงคำ",41
"พะเยา","สพป.พะเยา เขต 2","เชียงม่วน",18
"พะเยา","สพม.พะเยา","จุน",4
"พะเยา","สพม.พะเยา","ดอกคำใต้",8
"พะเยา","สพม.พะเยา","ปง",4
"พะเยา","สพม.พะเยา","ภูกามยาว",2
"พะเยา","สพม.พะเยา","ภูซาง",2
"พะเยา","สพม.พะเยา","เชียงคำ",2
"พะเยา","สพม.พะเยา","เชียงม่วน",2
"พะเยา","สพม.พะเยา","เมืองพะเยา",6
"พะเยา","สพม.พะเยา","แม่ใจ",2
"พังงา","สพป.พังงา","กะปง",12
"พังงา","สพป.พังงา","คุระบุรี",25
"พังงา","สพป.พังงา","ตะกั่วทุ่ง",33
"พังงา","สพป.พังงา","ตะกั่วป่า",18
"พังงา","สพป.พังงา","ทับปุด",18
"พังงา","สพป.พังงา","ท้ายเหมือง",33
"พังงา","สพป.พังงา","เกาะยาว",18
"พังงา","สพป.พังงา","เมืองพังงา",19
"พังงา","สพม.พังงาภูเก็ตระนอง","กะปง",2
"พังงา","สพม.พังงาภูเก็ตระนอง","คุระบุรี",2
"พังงา","สพม.พังงาภูเก็ตระนอง","ตะกั่วทุ่ง",6
"พังงา","สพม.พังงาภูเก็ตระนอง","ทับปุด",2
"พังงา","สพม.พังงาภูเก็ตระนอง","ท้ายเหมือง",6
"พังงา","สพม.พังงาภูเก็ตระนอง","เกาะยาว",2
"พังงา","สพม.พังงาภูเก็ตระนอง","เมืองพังงา",6
"พัทลุง","สพป.พัทลุง เขต 1","ควนขนุน",54
"พัทลุง","สพป.พัทลุง เขต 1","ป่าพะยอม",22
"พัทลุง","สพป.พัทลุง เขต 1","ศรีนครินทร์",17
"พัทลุง","สพป.พัทลุง เขต 1","ศรีบรรพต",14
"พัทลุง","สพป.พัทลุง เขต 1","เมืองพัทลุง",34
"พัทลุง","สพป.พัทลุง เขต 2","กงหรา",18
"พัทลุง","สพป.พัทลุง เขต 2","ตะโหมด",12
"พัทลุง","สพป.พัทลุง เขต 2","บางแก้ว",15
"พัทลุง","สพป.พัทลุง เขต 2","ปากพะยูน",36
"พัทลุง","สพป.พัทลุง เขต 2","ป่าบอน",20
"พัทลุง","สพป.พัทลุง เขต 2","เขาชัยสน",23
"พัทลุง","สพม.พัทลุง","กงหรา",4
"พัทลุง","สพม.พัทลุง","ควนขนุน",14
"พัทลุง","สพม.พัทลุง","ตะโหมด",4
"พัทลุง","สพม.พัทลุง","บางแก้ว",2
"พัทลุง","สพม.พัทลุง","ปากพะยูน",6
"พัทลุง","สพม.พัทลุง","ป่าบอน",2
"พัทลุง","สพม.พัทลุง","ป่าพะยอม",6
"พัทลุง","สพม.พัทลุง","ศรีบรรพต",4
"พัทลุง","สพม.พัทลุง","เขาชัยสน",4
"พัทลุง","สพม.พัทลุง","เมืองพัทลุง",10
"พิจิตร","สพป.พิจิตร เขต 1","วชิรบารมี",24
"พิจิตร","สพป.พิจิตร เขต 1","วังทรายพูน",15
"พิจิตร","สพป.พิจิตร เขต 1","สากเหล็ก",20
"พิจิตร","สพป.พิจิตร เขต 1","สามง่าม",27
"พิจิตร","สพป.พิจิตร เขต 1","เมืองพิจิตร",43
"พิจิตร","สพป.พิจิตร เขต 1","โพธิ์ประทับช้าง",33
"พิจิตร","สพป.พิจิตร เขต 2","ดงเจริญ",15
"พิจิตร","สพป.พิจิตร เขต 2","ตะพานหิน",33
"พิจิตร","สพป.พิจิตร เขต 2","ทับคล้อ",35
"พิจิตร","สพป.พิจิตร เขต 2","บางมูลนาก",16
"พิจิตร","สพป.พิจิตร เขต 2","บึงนาราง",16
"พิจิตร","สพป.พิจิตร เขต 2","โพทะเล",30
"พิจิตร","สพม.พิจิตร","ดงเจริญ",4
"พิจิตร","สพม.พิจิตร","ตะพานหิน",6
"พิจิตร","สพม.พิจิตร","ทับคล้อ",4
"พิจิตร","สพม.พิจิตร","บางมูลนาก",4
"พิจิตร","สพม.พิจิตร","บึงนาราง",4
"พิจิตร","สพม.พิจิตร","วชิรบารมี",4
"พิจิตร","สพม.พิจิตร","วังทรายพูน",2
"พิจิตร","สพม.พิจิตร","สากเหล็ก",4
"พิจิตร","สพม.พิจิตร","สามง่าม",8
"พิจิตร","สพม.พิจิตร","เมืองพิจิตร",10
"พิจิตร","สพม.พิจิตร","โพทะเล",8
"พิจิตร","สพม.พิจิตร","โพธิ์ประทับช้าง",6
"พิษณุโลก","สพป.พิษณุโลก เขต 1","บางระกำ",84
"พิษณุโลก","สพป.พิษณุโลก เขต 1","เมืองพิษณุโลก",48
"พิษณุโลก","สพป.พิษณุโลก เขต 2","บางกระทุ่ม",33
"พิษณุโลก","สพป.พิษณุโลก เขต 2","วังทอง",90
"พิษณุโลก","สพป.พิษณุโลก เขต 2","เนินมะปราง",51
"พิษณุโลก","สพป.พิษณุโลก เขต 3","ชาติตระการ",46
"พิษณุโลก","สพป.พิษณุโลก เขต 3","นครไทย",80
"พิษณุโลก","สพป.พิษณุโลก เขต 3","พรหมพิราม",66
"พิษณุโลก","สพป.พิษณุโลก เขต 3","วัดโบสถ์",31
"พิษณุโลก","สพม.พิษณุโลกอุตรดิตถ์","ชาติตระการ",6
"พิษณุโลก","สพม.พิษณุโลกอุตรดิตถ์","นครไทย",14
"พิษณุโลก","สพม.พิษณุโลกอุตรดิตถ์","บางกระทุ่ม",4
"พิษณุโลก","สพม.พิษณุโลกอุตรดิตถ์","บางระกำ",4
"พิษณุโลก","สพม.พิษณุโลกอุตรดิตถ์","พรหมพิราม",6
"พิษณุโลก","สพม.พิษณุโลกอุตรดิตถ์","วังทอง",18
"พิษณุโลก","สพม.พิษณุโลกอุตรดิตถ์","วัดโบสถ์",4
"พิษณุโลก","สพม.พิษณุโลกอุตรดิตถ์","เนินมะปราง",8
"พิษณุโลก","สพม.พิษณุโลกอุตรดิตถ์","เมืองพิษณุโลก",20
"ภูเก็ต","สพป.ภูเก็ต","กะทู้",4
"ภูเก็ต","สพป.ภูเก็ต","ถลาง",31
"ภูเก็ต","สพป.ภูเก็ต","เมืองภูเก็ต",25
"ภูเก็ต","สพม.พังงาภูเก็ตระนอง","กะทู้",2
"ภูเก็ต","สพม.พังงาภูเก็ตระนอง","ถลาง",4
"ภูเก็ต","สพม.พังงาภูเก็ตระนอง","เมืองภูเก็ต",4
"มหาสารคาม","สพป.มหาสารคาม เขต 1","กันทรวิชัย",42
"มหาสารคาม","สพป.มหาสารคาม เขต 1","บรบือ",70
"มหาสารคาม","สพป.มหาสารคาม เขต 1","เมืองมหาสารคาม",74
"มหาสารคาม","สพป.มหาสารคาม เขต 1","แกดำ",23
"มหาสารคาม","สพป.มหาสารคาม เขต 2","นาดูน",35
"มหาสารคาม","สพป.มหาสารคาม เขต 2","นาเชือก",43
"มหาสารคาม","สพป.มหาสารคาม เขต 2","พยัคฆภูมิพิสัย",61
"มหาสารคาม","สพป.มหาสารคาม เขต 2","ยางสีสุราช",30
"มหาสารคาม","สพป.มหาสารคาม เขต 2","วาปีปทุม",90
"มหาสารคาม","สพป.มหาสารคาม เขต 3","กุดรัง",24
"มหาสารคาม","สพป.มหาสารคาม เขต 3","ชื่นชม",16
"มหาสารคาม","สพป.มหาสารคาม เขต 3","เชียงยืน",44
"มหาสารคาม","สพป.มหาสารคาม เขต 3","โกสุมพิสัย",91
"มหาสารคาม","สพม.มหาสารคาม","กันทรวิชัย",4
"มหาสารคาม","สพม.มหาสารคาม","กุดรัง",4
"มหาสารคาม","สพม.มหาสารคาม","ชื่นชม",2
"มหาสารคาม","สพม.มหาสารคาม","นาดูน",4
"มหาสารคาม","สพม.มหาสารคาม","นาเชือก",4
"มหาสารคาม","สพม.มหาสารคาม","บรบือ",20
"มหาสารคาม","สพม.มหาสารคาม","พยัคฆภูมิพิสัย",2
"มหาสารคาม","สพม.มหาสารคาม","ยางสีสุราช",4
"มหาสารคาม","สพม.มหาสารคาม","วาปีปทุม",8
"มหาสารคาม","สพม.มหาสารคาม","เชียงยืน",4
"มหาสารคาม","สพม.มหาสารคาม","เมืองมหาสารคาม",10
"มหาสารคาม","สพม.มหาสารคาม","แกดำ",6
"มหาสารคาม","สพม.มหาสารคาม","โกสุมพิสัย",10
"มุกดาหาร","สพป.มุกดาหาร","คำชะอี",35
"มุกดาหาร","สพป.มุกดาหาร","ดงหลวง",37
"มุกดาหาร","สพป.มุกดาหาร","ดอนตาล",49
"มุกดาหาร","สพป.มุกดาหาร","นิคมคำสร้อย",40
"มุกดาหาร","สพป.มุกดาหาร","หนองสูง",23
"มุกดาหาร","สพป.มุกดาหาร","หว้านใหญ่",19
"มุกดาหาร","สพป.มุกดาหาร","เมืองมุกดาหาร",95
"มุกดาหาร","สพม.มุกดาหาร","คำชะอี",14
"มุกดาหาร","สพม.มุกดาหาร","ดงหลวง",4
"มุกดาหาร","สพม.มุกดาหาร","ดอนตาล",6
"มุกดาหาร","สพม.มุกดาหาร","นิคมคำสร้อย",10
"มุกดาหาร","สพม.มุกดาหาร","หนองสูง",6
"มุกดาหาร","สพม.มุกดาหาร","หว้านใหญ่",2
"มุกดาหาร","สพม.มุกดาหาร","เมืองมุกดาหาร",22
"ยะลา","สพป.ยะลา เขต 1","กรงปินัง",14
"ยะลา","สพป.ยะลา เขต 1","รามัน",63
"ยะลา","สพป.ยะลา เขต 1","เมืองยะลา",49
"ยะลา","สพป.ยะลา เขต 2","กาบัง",13
"ยะลา","สพป.ยะลา เขต 2","บันนังสตา",40
"ยะลา","สพป.ยะลา เขต 2","ยะหา",26
"ยะลา","สพป.ยะลา เขต 3","ธารโต",18
"ยะลา","สพป.ยะลา เขต 3","เบตง",25
"ยะลา","สพม.ยะลา","กาบัง",2
"ยะลา","สพม.ยะลา","ธารโต",4
"ยะลา","สพม.ยะลา","บันนังสตา",6
"ยะลา","สพม.ยะลา","ยะหา",4
"ยะลา","สพม.ยะลา","รามัน",2
"ยะลา","สพม.ยะลา","เบตง",2
"ยะลา","สพม.ยะลา","เมืองยะลา",8
"ยโสธร","สพป.ยโสธร เขต 1","คำเขื่อนแก้ว",54
"ยโสธร","สพป.ยโสธร เขต 1","ค้อวัง",21
"ยโสธร","สพป.ยโสธร เขต 1","มหาชนะชัย",45
"ยโสธร","สพป.ยโสธร เขต 1","เมืองยโสธร",69
"ยโสธร","สพป.ยโสธร เขต 2","กุดชุม",60
"ยโสธร","สพป.ยโสธร เขต 2","ทรายมูล",27
"ยโสธร","สพป.ยโสธร เขต 2","ป่าติ้ว",37
"ยโสธร","สพป.ยโสธร เขต 2","เลิงนกทา",79
"ยโสธร","สพป.ยโสธร เขต 2","ไทยเจริญ",24
"ยโสธร","สพม.ศรีสะเกษยโสธร","กุดชุม",10
"ยโสธร","สพม.ศรีสะเกษยโสธร","คำเขื่อนแก้ว",10
"ยโสธร","สพม.ศรีสะเกษยโสธร","ค้อวัง",2
"ยโสธร","สพม.ศรีสะเกษยโสธร","ทรายมูล",6
"ยโสธร","สพม.ศรีสะเกษยโสธร","ป่าติ้ว",4
"ยโสธร","สพม.ศรีสะเกษยโสธร","มหาชนะชัย",6
"ยโสธร","สพม.ศรีสะเกษยโสธร","เมืองยโสธร",12
"ยโสธร","สพม.ศรีสะเกษยโสธร","เลิงนกทา",12
"ยโสธร","สพม.ศรีสะเกษยโสธร","ไทยเจริญ",4
"ระนอง","สพป.ระนอง","กระบุรี",30
"ระนอง","สพป.ระนอง","กะเปอร์",17
"ระนอง","สพป.ระนอง","ละอุ่น",12
"ระนอง","สพป.ระนอง","สุขสำราญ",10
"ระนอง","สพป.ระนอง","เมืองระนอง",35
"ระนอง","สพม.พังงาภูเก็ตระนอง","กระบุรี",4
"ระนอง","สพม.พังงาภูเก็ตระนอง","กะเปอร์",2
"ระนอง","สพม.พังงาภูเก็ตระนอง","ละอุ่น",2
"ระนอง","สพม.พังงาภูเก็ตระนอง","สุขสำราญ",2
"ระนอง","สพม.พังงาภูเก็ตระนอง","เมืองระนอง",2
"ระยอง","สพป.ระยอง เขต 1","นิคมพัฒนา",10
"ระยอง","สพป.ระยอง เขต 1","บ้านค่าย",35
"ระยอง","สพป.ระยอง เขต 1","บ้านฉาง",16
"ระยอง","สพป.ระยอง เขต 1","ปลวกแดง",22
"ระยอง","สพป.ระยอง เขต 1","เมืองระยอง",40
"ระยอง","สพป.ระยอง เขต 2","วังจันทร์",19
"ระยอง","สพป.ระยอง เขต 2","เขาชะเมา",26
"ระยอง","สพป.ระยอง เขต 2","แกลง",67
"ระยอง","สพม.ชลบุรีระยอง","นิคมพัฒนา",2
"ระยอง","สพม.ชลบุรีระยอง","บ้านค่าย",4
"ระยอง","สพม.ชลบุรีระยอง","บ้านฉาง",2
"ระยอง","สพม.ชลบุรีระยอง","ปลวกแดง",4
"ระยอง","สพม.ชลบุรีระยอง","วังจันทร์",2
"ระยอง","สพม.ชลบุรีระยอง","เขาชะเมา",4
"ระยอง","สพม.ชลบุรีระยอง","เมืองระยอง",18
"ระยอง","สพม.ชลบุรีระยอง","แกลง",8
"ราชบุรี","สพป.ราชบุรี เขต 1","จอมบึง",37
"ราชบุรี","สพป.ราชบุรี เขต 1","บ้านคา",18
"ราชบุรี","สพป.ราชบุรี เขต 1","ปากท่อ",40
"ราชบุรี","สพป.ราชบุรี เขต 1","วัดเพลง",4
"ราชบุรี","สพป.ราชบุรี เขต 1","สวนผึ้ง",24
"ราชบุรี","สพป.ราชบุรี เขต 1","เมืองราชบุรี",27
"ราชบุรี","สพป.ราชบุรี เขต 2","ดำเนินสะดวก",28
"ราชบุรี","สพป.ราชบุรี เขต 2","บางแพ",14
"ราชบุรี","สพป.ราชบุรี เขต 2","บ้านโป่ง",35
"ราชบุรี","สพป.ราชบุรี เขต 2","โพธาราม",43
"ราชบุรี","สพม.ราชบุรี","จอมบึง",4
"ราชบุรี","สพม.ราชบุรี","ดำเนินสะดวก",6
"ราชบุรี","สพม.ราชบุรี","บางแพ",2
"ราชบุรี","สพม.ราชบุรี","บ้านคา",2
"ราชบุรี","สพม.ราชบุรี","บ้านโป่ง",10
"ราชบุรี","สพม.ราชบุรี","ปากท่อ",4
"ราชบุรี","สพม.ราชบุรี","วัดเพลง",2
"ราชบุรี","สพม.ราชบุรี","สวนผึ้ง",4
"ราชบุรี","สพม.ราชบุรี","เมืองราชบุรี",4
"ราชบุรี","สพม.ราชบุรี","โพธาราม",10
"ร้อยเอ็ด","สพป.ร้อยเอ็ด เขต 1","จตุรพักตรพิมาน",58
"ร้อยเอ็ด","สพป.ร้อยเอ็ด เขต 1","จังหาร",29
"ร้อยเอ็ด","สพป.ร้อยเอ็ด เขต 1","ทุ่งเขาหลวง",21
"ร้อยเอ็ด","สพป.ร้อยเอ็ด เขต 1","ธวัชบุรี",49
"ร้อยเอ็ด","สพป.ร้อยเอ็ด เขต 1","ศรีสมเด็จ",24
"ร้อยเอ็ด","สพป.ร้อยเอ็ด เขต 1","เชียงขวัญ",18
"ร้อยเอ็ด","สพป.ร้อยเอ็ด เขต 1","เมืองร้อยเอ็ด",32
"ร้อยเอ็ด","สพป.ร้อยเอ็ด เขต 2","ปทุมรัตต์",41
"ร้อยเอ็ด","สพป.ร้อยเอ็ด เขต 2","พนมไพร",47
"ร้อยเอ็ด","สพป.ร้อยเอ็ด เขต 2","สุวรรณภูมิ",80
"ร้อยเอ็ด","สพป.ร้อยเอ็ด เขต 2","หนองฮี",21
"ร้อยเอ็ด","สพป.ร้อยเอ็ด เขต 2","อาจสามารถ",59
"ร้อยเอ็ด","สพป.ร้อยเอ็ด เขต 2","เกษตรวิสัย",78
"ร้อยเอ็ด","สพป.ร้อยเอ็ด เขต 2","เมืองสรวง",20
"ร้อยเอ็ด","สพป.ร้อยเอ็ด เขต 2","โพนทราย",20
"ร้อยเอ็ด","สพป.ร้อยเอ็ด เขต 3","หนองพอก",42
"ร้อยเอ็ด","สพป.ร้อยเอ็ด เขต 3","เมยวดี",20
"ร้อยเอ็ด","สพป.ร้อยเอ็ด เขต 3","เสลภูมิ",86
"ร้อยเอ็ด","สพป.ร้อยเอ็ด เขต 3","โพธิ์ชัย",34
"ร้อยเอ็ด","สพป.ร้อยเอ็ด เขต 3","โพนทอง",71
"ร้อยเอ็ด","สพม.ร้อยเอ็ด","จตุรพักตรพิมาน",10
"ร้อยเอ็ด","สพม.ร้อยเอ็ด","จังหาร",4
"ร้อยเอ็ด","สพม.ร้อยเอ็ด","ทุ่งเขาหลวง",2
"ร้อยเอ็ด","สพม.ร้อยเอ็ด","ธวัชบุรี",8
"ร้อยเอ็ด","สพม.ร้อยเอ็ด","ปทุมรัตต์",6
"ร้อยเอ็ด","สพม.ร้อยเอ็ด","พนมไพร",4
"ร้อยเอ็ด","สพม.ร้อยเอ็ด","ศรีสมเด็จ",6
"ร้อยเอ็ด","สพม.ร้อยเอ็ด","สุวรรณภูมิ",16
"ร้อยเอ็ด","สพม.ร้อยเอ็ด","หนองพอก",8
"ร้อยเอ็ด","สพม.ร้อยเอ็ด","หนองฮี",4
"ร้อยเอ็ด","สพม.ร้อยเอ็ด","อาจสามารถ",6
"ร้อยเอ็ด","สพม.ร้อยเอ็ด","เกษตรวิสัย",12
"ร้อยเอ็ด","สพม.ร้อยเอ็ด","เชียงขวัญ",4
"ร้อยเอ็ด","สพม.ร้อยเอ็ด","เมยวดี",2
"ร้อยเอ็ด","สพม.ร้อยเอ็ด","เมืองร้อยเอ็ด",8
"ร้อยเอ็ด","สพม.ร้อยเอ็ด","เมืองสรวง",4
"ร้อยเอ็ด","สพม.ร้อยเอ็ด","เสลภูมิ",12
"ร้อยเอ็ด","สพม.ร้อยเอ็ด","โพธิ์ชัย",4
"ร้อยเอ็ด","สพม.ร้อยเอ็ด","โพนทราย",4
"ร้อยเอ็ด","สพม.ร้อยเอ็ด","โพนทอง",14
"ลพบุรี","สพป.ลพบุรี เขต 1","ท่าวุ้ง",24
"ลพบุรี","สพป.ลพบุรี เขต 1","บ้านหมี่",36
"ลพบุรี","สพป.ลพบุรี เขต 1","เมืองลพบุรี",63
"ลพบุรี","สพป.ลพบุรี เขต 1","โคกสำโรง",46
"ลพบุรี","สพป.ลพบุรี เขต 2","ชัยบาดาล",61
"ลพบุรี","สพป.ลพบุรี เขต 2","ท่าหลวง",22
"ลพบุรี","สพป.ลพบุรี เขต 2","พัฒนานิคม",36
"ลพบุรี","สพป.ลพบุรี เขต 2","ลำสนธิ",25
"ลพบุรี","สพป.ลพบุรี เขต 2","สระโบสถ์",14
"ลพบุรี","สพป.ลพบุรี เขต 2","หนองม่วง",24
"ลพบุรี","สพป.ลพบุรี เขต 2","โคกเจริญ",21
"ลพบุรี","สพม.ลพบุรี","ชัยบาดาล",8
"ลพบุรี","สพม.ลพบุรี","ท่าวุ้ง",4
"ลพบุรี","สพม.ลพบุรี","ท่าหลวง",2
"ลพบุรี","สพม.ลพบุรี","บ้านหมี่",8
"ลพบุรี","สพม.ลพบุรี","พัฒนานิคม",6
"ลพบุรี","สพม.ลพบุรี","ลำสนธิ",2
"ลพบุรี","สพม.ลพบุรี","สระโบสถ์",2
"ลพบุรี","สพม.ลพบุรี","หนองม่วง",2
"ลพบุรี","สพม.ลพบุรี","เมืองลพบุรี",11
"ลพบุรี","สพม.ลพบุรี","โคกสำโรง",4
"ลพบุรี","สพม.ลพบุรี","โคกเจริญ",4
"ลำปาง","สพป.ลำปาง เขต 1","งาว",36
"ลำปาง","สพป.ลำปาง เขต 1","ห้างฉัตร",18
"ลำปาง","สพป.ลำปาง เขต 1","เมืองลำปาง",49
"ลำปาง","สพป.ลำปาง เขต 1","แม่เมาะ",24
"ลำปาง","สพป.ลำปาง เขต 2","สบปราบ",14
"ลำปาง","สพป.ลำปาง เขต 2","เกาะคา",25
"ลำปาง","สพป.ลำปาง เขต 2","เถิน",47
"ลำปาง","สพป.ลำปาง เขต 2","เสริมงาม",19
"ลำปาง","สพป.ลำปาง เขต 2","แม่ทะ",25
"ลำปาง","สพป.ลำปาง เขต 2","แม่พริก",13
"ลำปาง","สพป.ลำปาง เขต 3","วังเหนือ",28
"ลำปาง","สพป.ลำปาง เขต 3","เมืองปาน",35
"ลำปาง","สพป.ลำปาง เขต 3","แจ้ห่ม",39
"ลำปาง","สพม.ลำปางลำพูน","งาว",4
"ลำปาง","สพม.ลำปางลำพูน","วังเหนือ",2
"ลำปาง","สพม.ลำปางลำพูน","สบปราบ",2
"ลำปาง","สพม.ลำปางลำพูน","ห้างฉัตร",6
"ลำปาง","สพม.ลำปางลำพูน","เกาะคา",4
"ลำปาง","สพม.ลำปางลำพูน","เถิน",4
"ลำปาง","สพม.ลำปางลำพูน","เมืองปาน",10
"ลำปาง","สพม.ลำปางลำพูน","เมืองลำปาง",12
"ลำปาง","สพม.ลำปางลำพูน","เสริมงาม",4
"ลำปาง","สพม.ลำปางลำพูน","แจ้ห่ม",2
"ลำปาง","สพม.ลำปางลำพูน","แม่ทะ",6
"ลำปาง","สพม.ลำปางลำพูน","แม่พริก",2
"ลำปาง","สพม.ลำปางลำพูน","แม่เมาะ",4
"ลำพูน","สพป.ลำพูน เขต 1","บ้านธิ",8
"ลำพูน","สพป.ลำพูน เขต 1","ป่าซาง",31
"ลำพูน","สพป.ลำพูน เขต 1","เมืองลำพูน",59
"ลำพูน","สพป.ลำพูน เขต 1","แม่ทา",30
"ลำพูน","สพป.ลำพูน เขต 2","ทุ่งหัวช้าง",22
"ลำพูน","สพป.ลำพูน เขต 2","บ้านโฮ่ง",20
"ลำพูน","สพป.ลำพูน เขต 2","ลี้",45
"ลำพูน","สพป.ลำพูน เขต 2","เวียงหนองล่อง",12
"ลำพูน","สพม.ลำปางลำพูน","ทุ่งหัวช้าง",2
"ลำพูน","สพม.ลำปางลำพูน","บ้านธิ",2
"ลำพูน","สพม.ลำปางลำพูน","บ้านโฮ่ง",4
"ลำพูน","สพม.ลำปางลำพูน","ป่าซาง",8
"ลำพูน","สพม.ลำปางลำพูน","ลี้",2
"ลำพูน","สพม.ลำปางลำพูน","เมืองลำพูน",10
"ลำพูน","สพม.ลำปางลำพูน","แม่ทา",6
"ศรีสะเกษ","สพป. ศรีสะเกษ เขต 1","กันทรารมย์",71
"ศรีสะเกษ","สพป. ศรีสะเกษ เขต 1","น้ำเกลี้ยง",32
"ศรีสะเกษ","สพป. ศรีสะเกษ เขต 1","พยุห์",23
"ศรีสะเกษ","สพป. ศรีสะเกษ เขต 1","ยางชุมน้อย",17
"ศรีสะเกษ","สพป. ศรีสะเกษ เขต 1","วังหิน",38
"ศรีสะเกษ","สพป. ศรีสะเกษ เขต 1","เมืองศรีสะเกษ",63
"ศรีสะเกษ","สพป. ศรีสะเกษ เขต 1","โนนคูณ",29
"ศรีสะเกษ","สพป.ศรีสะเกษ เขต 2","บึงบูรพ์",5
"ศรีสะเกษ","สพป.ศรีสะเกษ เขต 2","ราษีไศล",43
"ศรีสะเกษ","สพป.ศรีสะเกษ เขต 2","ศิลาลาด",15
"ศรีสะเกษ","สพป.ศรีสะเกษ เขต 2","ห้วยทับทัน",32
"ศรีสะเกษ","สพป.ศรีสะเกษ เขต 2","อุทุมพรพิสัย",54
"ศรีสะเกษ","สพป.ศรีสะเกษ เขต 2","เมืองจันทร์",10
"ศรีสะเกษ","สพป.ศรีสะเกษ เขต 2","โพธิ์ศรีสุวรรณ",20
"ศรีสะเกษ","สพป.ศรีสะเกษ เขต 3","ขุขันธ์",110
"ศรีสะเกษ","สพป.ศรีสะเกษ เขต 3","ปรางค์กู่",60
"ศรีสะเกษ","สพป.ศรีสะเกษ เขต 3","ภูสิงห์",35
"ศรีสะเกษ","สพป.ศรีสะเกษ เขต 3","ไพรบึง",42
"ศรีสะเกษ","สพป.ศรีสะเกษ เขต 4","กันทรลักษ์",112
"ศรีสะเกษ","สพป.ศรีสะเกษ เขต 4","ขุนหาญ",67
"ศรีสะเกษ","สพป.ศรีสะเกษ เขต 4","ศรีรัตนะ",28
"ศรีสะเกษ","สพป.ศรีสะเกษ เขต 4","เบญจลักษ์",32
"ศรีสะเกษ","สพม.ศรีสะเกษยโสธร","กันทรลักษ์",10
"ศรีสะเกษ","สพม.ศรีสะเกษยโสธร","กันทรารมย์",10
"ศรีสะเกษ","สพม.ศรีสะเกษยโสธร","ขุขันธ์",10
"ศรีสะเกษ","สพม.ศรีสะเกษยโสธร","ขุนหาญ",2
"ศรีสะเกษ","สพม.ศรีสะเกษยโสธร","น้ำเกลี้ยง",6
"ศรีสะเกษ","สพม.ศรีสะเกษยโสธร","บึงบูรพ์",2
"ศรีสะเกษ","สพม.ศรีสะเกษยโสธร","ปรางค์กู่",16
"ศรีสะเกษ","สพม.ศรีสะเกษยโสธร","พยุห์",4
"ศรีสะเกษ","สพม.ศรีสะเกษยโสธร","ภูสิงห์",4
"ศรีสะเกษ","สพม.ศรีสะเกษยโสธร","ยางชุมน้อย",4
"ศรีสะเกษ","สพม.ศรีสะเกษยโสธร","ราษีไศล",6
"ศรีสะเกษ","สพม.ศรีสะเกษยโสธร","วังหิน",2
"ศรีสะเกษ","สพม.ศรีสะเกษยโสธร","ศรีรัตนะ",2
"ศรีสะเกษ","สพม.ศรีสะเกษยโสธร","ศิลาลาด",2
"ศรีสะเกษ","สพม.ศรีสะเกษยโสธร","ห้วยทับทัน",4
"ศรีสะเกษ","สพม.ศรีสะเกษยโสธร","อุทุมพรพิสัย",10
"ศรีสะเกษ","สพม.ศรีสะเกษยโสธร","เบญจลักษ์",4
"ศรีสะเกษ","สพม.ศรีสะเกษยโสธร","เมืองจันทร์",4
"ศรีสะเกษ","สพม.ศรีสะเกษยโสธร","เมืองศรีสะเกษ",22
"ศรีสะเกษ","สพม.ศรีสะเกษยโสธร","โนนคูณ",2
"สกลนคร","สพป.สกลนคร เขต 1","กุดบาก",22
"สกลนคร","สพป.สกลนคร เขต 1","กุสุมาลย์",31
"สกลนคร","สพป.สกลนคร เขต 1","ภูพาน",30
"สกลนคร","สพป.สกลนคร เขต 1","เต่างอย",15
"สกลนคร","สพป.สกลนคร เขต 1","เมืองสกลนคร",79
"สกลนคร","สพป.สกลนคร เขต 1","โคกศรีสุพรรณ",28
"สกลนคร","สพป.สกลนคร เขต 1","โพนนาแก้ว",34
"สกลนคร","สพป.สกลนคร เขต 2","นิคมน้ำอูน",10
"สกลนคร","สพป.สกลนคร เขต 2","พรรณานิคม",67
"สกลนคร","สพป.สกลนคร เขต 2","พังโคน",33
"สกลนคร","สพป.สกลนคร เขต 2","วาริชภูมิ",31
"สกลนคร","สพป.สกลนคร เขต 2","สว่างแดนดิน",83
"สกลนคร","สพป.สกลนคร เขต 2","ส่องดาว",25
"สกลนคร","สพป.สกลนคร เขต 2","เจริญศิลป์",7
"สกลนคร","สพป.สกลนคร เขต 3","คำตากล้า",27
"สกลนคร","สพป.สกลนคร เขต 3","บ้านม่วง",57
"สกลนคร","สพป.สกลนคร เขต 3","วานรนิวาส",101
"สกลนคร","สพป.สกลนคร เขต 3","อากาศอำนวย",57
"สกลนคร","สพม.สกลนคร","กุดบาก",2
"สกลนคร","สพม.สกลนคร","กุสุมาลย์",4
"สกลนคร","สพม.สกลนคร","คำตากล้า",4
"สกลนคร","สพม.สกลนคร","นิคมน้ำอูน",2
"สกลนคร","สพม.สกลนคร","บ้านม่วง",4
"สกลนคร","สพม.สกลนคร","พรรณานิคม",14
"สกลนคร","สพม.สกลนคร","พังโคน",6
"สกลนคร","สพม.สกลนคร","ภูพาน",6
"สกลนคร","สพม.สกลนคร","วานรนิวาส",6
"สกลนคร","สพม.สกลนคร","วาริชภูมิ",6
"สกลนคร","สพม.สกลนคร","สว่างแดนดิน",13
"สกลนคร","สพม.สกลนคร","ส่องดาว",2
"สกลนคร","สพม.สกลนคร","อากาศอำนวย",8
"สกลนคร","สพม.สกลนคร","เต่างอย",2
"สกลนคร","สพม.สกลนคร","เมืองสกลนคร",12
"สกลนคร","สพม.สกลนคร","โคกศรีสุพรรณ",6
"สกลนคร","สพม.สกลนคร","โพนนาแก้ว",2
"สงขลา","สพป.สงขลา เขต 1","กระแสสินธุ์",10
"สงขลา","สพป.สงขลา เขต 1","นาหม่อม",12
"สงขลา","สพป.สงขลา เขต 1","ระโนด",40
"สงขลา","สพป.สงขลา เขต 1","สทิงพระ",25
"สงขลา","สพป.สงขลา เขต 1","สิงหนคร",39
"สงขลา","สพป.สงขลา เขต 1","เมืองสงขลา",22
"สงขลา","สพป.สงขลา เขต 2","คลองหอยโข่ง",14
"สงขลา","สพป.สงขลา เขต 2","ควนเนียง",25
"สงขลา","สพป.สงขลา เขต 2","บางกล่ำ",16
"สงขลา","สพป.สงขลา เขต 2","รัตภูมิ",39
"สงขลา","สพป.สงขลา เขต 2","หาดใหญ่",55
"สงขลา","สพป.สงขลา เขต 3","จะนะ",61
"สงขลา","สพป.สงขลา เขต 3","นาทวี",37
"สงขลา","สพป.สงขลา เขต 3","สะบ้าย้อย",41
"สงขลา","สพป.สงขลา เขต 3","สะเดา",35
"สงขลา","สพป.สงขลา เขต 3","เทพา",67
"สงขลา","สพม.สงขลาสตูล","กระแสสินธุ์",4
"สงขลา","สพม.สงขลาสตูล","คลองหอยโข่ง",2
"สงขลา","สพม.สงขลาสตูล","ควนเนียง",4
"สงขลา","สพม.สงขลาสตูล","จะนะ",8
"สงขลา","สพม.สงขลาสตูล","นาทวี",6
"สงขลา","สพม.สงขลาสตูล","นาหม่อม",2
"สงขลา","สพม.สงขลาสตูล","บางกล่ำ",2
"สงขลา","สพม.สงขลาสตูล","ระโนด",8
"สงขลา","สพม.สงขลาสตูล","รัตภูมิ",6
"สงขลา","สพม.สงขลาสตูล","สทิงพระ",6
"สงขลา","สพม.สงขลาสตูล","สะบ้าย้อย",4
"สงขลา","สพม.สงขลาสตูล","สะเดา",6
"สงขลา","สพม.สงขลาสตูล","สิงหนคร",4
"สงขลา","สพม.สงขลาสตูล","หาดใหญ่",18
"สงขลา","สพม.สงขลาสตูล","เทพา",6
"สงขลา","สพม.สงขลาสตูล","เมืองสงขลา",6
"สตูล","สพป.สตูล","ควนกาหลง",24
"สตูล","สพป.สตูล","ควนโดน",16
"สตูล","สพป.สตูล","ทุ่งหว้า",17
"สตูล","สพป.สตูล","ท่าแพ",22
"สตูล","สพป.สตูล","มะนัง",14
"สตูล","สพป.สตูล","ละงู",53
"สตูล","สพป.สตูล","เมืองสตูล",53
"สตูล","สพม.สงขลาสตูล","ควนโดน",2
"สตูล","สพม.สงขลาสตูล","ทุ่งหว้า",4
"สตูล","สพม.สงขลาสตูล","ท่าแพ",4
"สตูล","สพม.สงขลาสตูล","มะนัง",4
"สตูล","สพม.สงขลาสตูล","ละงู",4
"สตูล","สพม.สงขลาสตูล","เมืองสตูล",6
"สมุทรปราการ","สพป.สมุทรปราการ เขต 1","พระประแดง",27
"สมุทรปราการ","สพป.สมุทรปราการ เขต 1","พระสมุทรเจดีย์",14
"สมุทรปราการ","สพป.สมุทรปราการ เขต 1","เมืองสมุทรปราการ",48
"สมุทรปราการ","สพป.สมุทรปราการ เขต 2","บางบ่อ",31
"สมุทรปราการ","สพป.สมุทรปราการ เขต 2","บางพลี",18
"สมุทรปราการ","สพป.สมุทรปราการ เขต 2","บางเสาธง",12
"สมุทรปราการ","สพม.สมุทรปราการ","บางบ่อ",8
"สมุทรปราการ","สพม.สมุทรปราการ","บางพลี",8
"สมุทรปราการ","สพม.สมุทรปราการ","บางเสาธง",4
"สมุทรปราการ","สพม.สมุทรปราการ","พระประแดง",8
"สมุทรปราการ","สพม.สมุทรปราการ","พระสมุทรเจดีย์",5
"สมุทรปราการ","สพม.สมุทรปราการ","เมืองสมุทรปราการ",8
"สมุทรสงคราม","สพป.สมุทรสงคราม","บางคนที",2
"สมุทรสงคราม","สพป.สมุทรสงคราม","อัมพวา",7
"สมุทรสงคราม","สพป.สมุทรสงคราม","เมืองสมุทรสงคราม",21
"สมุทรสงคราม","สพม.สมุทรสาครสมุทรสงคราม","บางคนที",4
"สมุทรสงคราม","สพม.สมุทรสาครสมุทรสงคราม","อัมพวา",6
"สมุทรสงคราม","สพม.สมุทรสาครสมุทรสงคราม","เมืองสมุทรสงคราม",6
"สมุทรสาคร","สพป.สมุทรสาคร","กระทุ่มแบน",14
"สมุทรสาคร","สพป.สมุทรสาคร","บ้านแพ้ว",32
"สมุทรสาคร","สพป.สมุทรสาคร","เมืองสมุทรสาคร",56
"สมุทรสาคร","สพม.สมุทรสาครสมุทรสงคราม","กระทุ่มแบน",4
"สมุทรสาคร","สพม.สมุทรสาครสมุทรสงคราม","บ้านแพ้ว",6
"สมุทรสาคร","สพม.สมุทรสาครสมุทรสงคราม","เมืองสมุทรสาคร",10
"สระบุรี","สพป.สระบุรี เขต 1","ดอนพุด",1
"สระบุรี","สพป.สระบุรี เขต 1","บ้านหมอ",15
"สระบุรี","สพป.สระบุรี เขต 1","พระพุทธบาท",22
"สระบุรี","สพป.สระบุรี เขต 1","หนองแซง",11
"สระบุรี","สพป.สระบุรี เขต 1","หนองโดน",4
"สระบุรี","สพป.สระบุรี เขต 1","เฉลิมพระเกียรติ",18
"สระบุรี","สพป.สระบุรี เขต 1","เมืองสระบุรี",23
"สระบุรี","สพป.สระบุรี เขต 1","เสาไห้",6
"สระบุรี","สพป.สระบุรี เขต 2","มวกเหล็ก",37
"สระบุรี","สพป.สระบุรี เขต 2","วังม่วง",11
"สระบุรี","สพป.สระบุรี เขต 2","วิหารแดง",18
"สระบุรี","สพป.สระบุรี เขต 2","หนองแค",24
"สระบุรี","สพป.สระบุรี เขต 2","แก่งคอย",49
"สระบุรี","สพม.สระบุรี","ดอนพุด",2
"สระบุรี","สพม.สระบุรี","พระพุทธบาท",2
"สระบุรี","สพม.สระบุรี","มวกเหล็ก",4
"สระบุรี","สพม.สระบุรี","วังม่วง",2
"สระบุรี","สพม.สระบุรี","วิหารแดง",2
"สระบุรี","สพม.สระบุรี","หนองแค",4
"สระบุรี","สพม.สระบุรี","หนองแซง",2
"สระบุรี","สพม.สระบุรี","หนองโดน",2
"สระบุรี","สพม.สระบุรี","เฉลิมพระเกียรติ",2
"สระบุรี","สพม.สระบุรี","เมืองสระบุรี",2
"สระบุรี","สพม.สระบุรี","เสาไห้",2
"สระบุรี","สพม.สระบุรี","แก่งคอย",8
"สระแก้ว","สพป.สระแก้ว เขต 1","คลองหาด",25
"สระแก้ว","สพป.สระแก้ว เขต 1","วังน้ำเย็น",34
"สระแก้ว","สพป.สระแก้ว เขต 1","วังสมบูรณ์",24
"สระแก้ว","สพป.สระแก้ว เขต 1","เขาฉกรรจ์",36
"สระแก้ว","สพป.สระแก้ว เขต 1","เมืองสระแก้ว",69
"สระแก้ว","สพป.สระแก้ว เขต 2","ตาพระยา",36
"สระแก้ว","สพป.สระแก้ว เขต 2","วัฒนานคร",58
"สระแก้ว","สพป.สระแก้ว เขต 2","อรัญประเทศ",47
"สระแก้ว","สพป.สระแก้ว เขต 2","โคกสูง",15
"สระแก้ว","สพม.สระแก้ว","คลองหาด",2
"สระแก้ว","สพม.สระแก้ว","ตาพระยา",10
"สระแก้ว","สพม.สระแก้ว","วังน้ำเย็น",4
"สระแก้ว","สพม.สระแก้ว","วังสมบูรณ์",6
"สระแก้ว","สพม.สระแก้ว","วัฒนานคร",2
"สระแก้ว","สพม.สระแก้ว","อรัญประเทศ",4
"สระแก้ว","สพม.สระแก้ว","เมืองสระแก้ว",2
"สระแก้ว","สพม.สระแก้ว","โคกสูง",2
"สิงห์บุรี","สพป.สิงห์บุรี","ค่ายบางระจัน",25
"สิงห์บุรี","สพป.สิงห์บุรี","ท่าช้าง",7
"สิงห์บุรี","สพป.สิงห์บุรี","บางระจัน",24
"สิงห์บุรี","สพป.สิงห์บุรี","พรหมบุรี",16
"สิงห์บุรี","สพป.สิงห์บุรี","อินทร์บุรี",41
"สิงห์บุรี","สพป.สิงห์บุรี","เมืองสิงห์บุรี",27
"สิงห์บุรี","สพม.สิงห์บุรีอ่างทอง","ค่ายบางระจัน",4
"สิงห์บุรี","สพม.สิงห์บุรีอ่างทอง","ท่าช้าง",2
"สิงห์บุรี","สพม.สิงห์บุรีอ่างทอง","บางระจัน",6
"สิงห์บุรี","สพม.สิงห์บุรีอ่างทอง","พรหมบุรี",4
"สิงห์บุรี","สพม.สิงห์บุรีอ่างทอง","อินทร์บุรี",6
"สิงห์บุรี","สพม.สิงห์บุรีอ่างทอง","เมืองสิงห์บุรี",4
"สุพรรณบุรี","สพป.สุพรรณบุรี เขต 1","บางปลาม้า",58
"สุพรรณบุรี","สพป.สุพรรณบุรี เขต 1","ศรีประจันต์",34
"สุพรรณบุรี","สพป.สุพรรณบุรี เขต 1","เมืองสุพรรณบุรี",71
"สุพรรณบุรี","สพป.สุพรรณบุรี เขต 2","ดอนเจดีย์",35
"สุพรรณบุรี","สพป.สุพรรณบุรี เขต 2","สองพี่น้อง",63
"สุพรรณบุรี","สพป.สุพรรณบุรี เขต 2","อู่ทอง",62
"สุพรรณบุรี","สพป.สุพรรณบุรี เขต 3","ด่านช้าง",42
"สุพรรณบุรี","สพป.สุพรรณบุรี เขต 3","สามชุก",32
"สุพรรณบุรี","สพป.สุพรรณบุรี เขต 3","หนองหญ้าไซ",29
"สุพรรณบุรี","สพป.สุพรรณบุรี เขต 3","เดิมบางนางบวช",49
"สุพรรณบุรี","สพม.สุพรรณบุรี","ดอนเจดีย์",6
"สุพรรณบุรี","สพม.สุพรรณบุรี","ด่านช้าง",4
"สุพรรณบุรี","สพม.สุพรรณบุรี","บางปลาม้า",4
"สุพรรณบุรี","สพม.สุพรรณบุรี","ศรีประจันต์",6
"สุพรรณบุรี","สพม.สุพรรณบุรี","สองพี่น้อง",10
"สุพรรณบุรี","สพม.สุพรรณบุรี","สามชุก",6
"สุพรรณบุรี","สพม.สุพรรณบุรี","หนองหญ้าไซ",2
"สุพรรณบุรี","สพม.สุพรรณบุรี","อู่ทอง",10
"สุพรรณบุรี","สพม.สุพรรณบุรี","เดิมบางนางบวช",6
"สุพรรณบุรี","สพม.สุพรรณบุรี","เมืองสุพรรณบุรี",8
"สุราษฎร์ธานี","สพป.สุราษฎร์ธานี เขต 1","กาญจนดิษฐ์",60
"สุราษฎร์ธานี","สพป.สุราษฎร์ธานี เขต 1","ดอนสัก",20
"สุราษฎร์ธานี","สพป.สุราษฎร์ธานี เขต 1","เกาะพะงัน",12
"สุราษฎร์ธานี","สพป.สุราษฎร์ธานี เขต 1","เกาะสมุย",29
"สุราษฎร์ธานี","สพป.สุราษฎร์ธานี เขต 1","เมืองสุราษฎร์ธานี",31
"สุราษฎร์ธานี","สพป.สุราษฎร์ธานี เขต 2","คีรีรัฐนิคม",36
"สุราษฎร์ธานี","สพป.สุราษฎร์ธานี เขต 2","ท่าฉาง",18
"สุราษฎร์ธานี","สพป.สุราษฎร์ธานี เขต 2","ท่าชนะ",45
"สุราษฎร์ธานี","สพป.สุราษฎร์ธานี เขต 2","บ้านตาขุน",11
"สุราษฎร์ธานี","สพป.สุราษฎร์ธานี เขต 2","พนม",30
"สุราษฎร์ธานี","สพป.สุราษฎร์ธานี เขต 2","พุนพิน",58
"สุราษฎร์ธานี","สพป.สุราษฎร์ธานี เขต 2","วิภาวดี",10
"สุราษฎร์ธานี","สพป.สุราษฎร์ธานี เขต 2","ไชยา",32
"สุราษฎร์ธานี","สพป.สุราษฎร์ธานี เขต 3","ชัยบุรี",16
"สุราษฎร์ธานี","สพป.สุราษฎร์ธานี เขต 3","บ้านนาสาร",40
"สุราษฎร์ธานี","สพป.สุราษฎร์ธานี เขต 3","บ้านนาเดิม",18
"สุราษฎร์ธานี","สพป.สุราษฎร์ธานี เขต 3","พระแสง",47
"สุราษฎร์ธานี","สพป.สุราษฎร์ธานี เขต 3","เคียนซา",35
"สุราษฎร์ธานี","สพป.สุราษฎร์ธานี เขต 3","เวียงสระ",40
"สุราษฎร์ธานี","สพม.สุราษฎร์ธานีชุมพร","กาญจนดิษฐ์",8
"สุราษฎร์ธานี","สพม.สุราษฎร์ธานีชุมพร","คีรีรัฐนิคม",4
"สุราษฎร์ธานี","สพม.สุราษฎร์ธานีชุมพร","ชัยบุรี",4
"สุราษฎร์ธานี","สพม.สุราษฎร์ธานีชุมพร","ดอนสัก",2
"สุราษฎร์ธานี","สพม.สุราษฎร์ธานีชุมพร","ท่าฉาง",4
"สุราษฎร์ธานี","สพม.สุราษฎร์ธานีชุมพร","ท่าชนะ",2
"สุราษฎร์ธานี","สพม.สุราษฎร์ธานีชุมพร","บ้านตาขุน",6
"สุราษฎร์ธานี","สพม.สุราษฎร์ธานีชุมพร","บ้านนาสาร",8
"สุราษฎร์ธานี","สพม.สุราษฎร์ธานีชุมพร","บ้านนาเดิม",2
"สุราษฎร์ธานี","สพม.สุราษฎร์ธานีชุมพร","พนม",2
"สุราษฎร์ธานี","สพม.สุราษฎร์ธานีชุมพร","พระแสง",4
"สุราษฎร์ธานี","สพม.สุราษฎร์ธานีชุมพร","พุนพิน",8
"สุราษฎร์ธานี","สพม.สุราษฎร์ธานีชุมพร","วิภาวดี",4
"สุราษฎร์ธานี","สพม.สุราษฎร์ธานีชุมพร","เกาะพะงัน",2
"สุราษฎร์ธานี","สพม.สุราษฎร์ธานีชุมพร","เกาะสมุย",4
"สุราษฎร์ธานี","สพม.สุราษฎร์ธานีชุมพร","เคียนซา",6
"สุราษฎร์ธานี","สพม.สุราษฎร์ธานีชุมพร","เมืองสุราษฎร์ธานี",12
"สุราษฎร์ธานี","สพม.สุราษฎร์ธานีชุมพร","เวียงสระ",6
"สุราษฎร์ธานี","สพม.สุราษฎร์ธานีชุมพร","ไชยา",4
"สุรินทร์","สพป.สุรินทร์ เขต 1","จอมพระ",52
"สุรินทร์","สพป.สุรินทร์ เขต 1","ลำดวน",23
"สุรินทร์","สพป.สุรินทร์ เขต 1","ศีขรภูมิ",90
"สุรินทร์","สพป.สุรินทร์ เขต 1","สำโรงทาบ",41
"สุรินทร์","สพป.สุรินทร์ เขต 1","เขวาสินรินทร์",27
"สุรินทร์","สพป.สุรินทร์ เขต 1","เมืองสุรินทร์",97
"สุรินทร์","สพป.สุรินทร์ เขต 2","ชุมพลบุรี",53
"สุรินทร์","สพป.สุรินทร์ เขต 2","ท่าตูม",73
"สุรินทร์","สพป.สุรินทร์ เขต 2","รัตนบุรี",52
"สุรินทร์","สพป.สุรินทร์ เขต 2","สนม",29
"สุรินทร์","สพป.สุรินทร์ เขต 2","โนนนารายณ์",20
"สุรินทร์","สพป.สุรินทร์ เขต 3","กาบเชิง",38
"สุรินทร์","สพป.สุรินทร์ เขต 3","บัวเชด",32
"สุรินทร์","สพป.สุรินทร์ เขต 3","ปราสาท",83
"สุรินทร์","สพป.สุรินทร์ เขต 3","พนมดงรัก",26
"สุรินทร์","สพป.สุรินทร์ เขต 3","ศรีณรงค์",44
"สุรินทร์","สพป.สุรินทร์ เขต 3","สังขะ",86
"สุรินทร์","สพม.สุรินทร์","กาบเชิง",8
"สุรินทร์","สพม.สุรินทร์","จอมพระ",11
"สุรินทร์","สพม.สุรินทร์","ชุมพลบุรี",6
"สุรินทร์","สพม.สุรินทร์","ท่าตูม",16
"สุรินทร์","สพม.สุรินทร์","บัวเชด",2
"สุรินทร์","สพม.สุรินทร์","ปราสาท",18
"สุรินทร์","สพม.สุรินทร์","พนมดงรัก",2
"สุรินทร์","สพม.สุรินทร์","รัตนบุรี",12
"สุรินทร์","สพม.สุรินทร์","ลำดวน",4
"สุรินทร์","สพม.สุรินทร์","ศรีณรงค์",4
"สุรินทร์","สพม.สุรินทร์","ศีขรภูมิ",20
"สุรินทร์","สพม.สุรินทร์","สนม",8
"สุรินทร์","สพม.สุรินทร์","สังขะ",16
"สุรินทร์","สพม.สุรินทร์","สำโรงทาบ",4
"สุรินทร์","สพม.สุรินทร์","เขวาสินรินทร์",6
"สุรินทร์","สพม.สุรินทร์","เมืองสุรินทร์",40
"สุรินทร์","สพม.สุรินทร์","โนนนารายณ์",6
"สุโขทัย","สพป.สุโขทัย เขต 1","กงไกรลาศ",43
"สุโขทัย","สพป.สุโขทัย เขต 1","คีรีมาศ",41
"สุโขทัย","สพป.สุโขทัย เขต 1","บ้านด่านลานหอย",30
"สุโขทัย","สพป.สุโขทัย เขต 1","เมืองสุโขทัย",22
"สุโขทัย","สพป.สุโขทัย เขต 2","ทุ่งเสลี่ยม",29
"สุโขทัย","สพป.สุโขทัย เขต 2","ศรีนคร",14
"สุโขทัย","สพป.สุโขทัย เขต 2","ศรีสัชนาลัย",68
"สุโขทัย","สพป.สุโขทัย เขต 2","ศรีสำโรง",33
"สุโขทัย","สพป.สุโขทัย เขต 2","สวรรคโลก",32
"สุโขทัย","สพม.สุโขทัย","กงไกรลาศ",6
"สุโขทัย","สพม.สุโขทัย","คีรีมาศ",7
"สุโขทัย","สพม.สุโขทัย","ทุ่งเสลี่ยม",6
"สุโขทัย","สพม.สุโขทัย","บ้านด่านลานหอย",4
"สุโขทัย","สพม.สุโขทัย","ศรีนคร",2
"สุโขทัย","สพม.สุโขทัย","ศรีสัชนาลัย",12
"สุโขทัย","สพม.สุโขทัย","ศรีสำโรง",8
"สุโขทัย","สพม.สุโขทัย","สวรรคโลก",6
"สุโขทัย","สพม.สุโขทัย","เมืองสุโขทัย",10
"หนองคาย","สพป.หนองคาย เขต 1","ท่าบ่อ",40
"หนองคาย","สพป.หนองคาย เขต 1","ศรีเชียงใหม่",21
"หนองคาย","สพป.หนองคาย เขต 1","สระใคร",23
"หนองคาย","สพป.หนองคาย เขต 1","สังคม",26
"หนองคาย","สพป.หนองคาย เขต 1","เมืองหนองคาย",58
"หนองคาย","สพป.หนองคาย เขต 1","โพธิ์ตาก",10
"หนองคาย","สพป.หนองคาย เขต 2","รัตนวาปี",29
"หนองคาย","สพป.หนองคาย เขต 2","เฝ้าไร่",25
"หนองคาย","สพป.หนองคาย เขต 2","โพนพิสัย",66
"หนองคาย","สพม.หนองคาย","ท่าบ่อ",16
"หนองคาย","สพม.หนองคาย","รัตนวาปี",4
"หนองคาย","สพม.หนองคาย","ศรีเชียงใหม่",8
"หนองคาย","สพม.หนองคาย","สระใคร",4
"หนองคาย","สพม.หนองคาย","สังคม",6
"หนองคาย","สพม.หนองคาย","เฝ้าไร่",4
"หนองคาย","สพม.หนองคาย","เมืองหนองคาย",18
"หนองคาย","สพม.หนองคาย","โพธิ์ตาก",2
"หนองคาย","สพม.หนองคาย","โพนพิสัย",12
"หนองบัวลำภู","สพป.หนองบัวลำภู เขต 1","ศรีบุญเรือง",90
"หนองบัวลำภู","สพป.หนองบัวลำภู เขต 1","เมืองหนองบัวลำภู",89
"หนองบัวลำภู","สพป.หนองบัวลำภู เขต 1","โนนสัง",67
"หนองบัวลำภู","สพป.หนองบัวลำภู เขต 2","นากลาง",54
"หนองบัวลำภู","สพป.หนองบัวลำภู เขต 2","นาวัง",29
"หนองบัวลำภู","สพป.หนองบัวลำภู เขต 2","สุวรรณคูหา",53
"หนองบัวลำภู","สพม.เลยหนองบัวลำภู","นากลาง",6
"หนองบัวลำภู","สพม.เลยหนองบัวลำภู","นาวัง",4
"หนองบัวลำภู","สพม.เลยหนองบัวลำภู","ศรีบุญเรือง",10
"หนองบัวลำภู","สพม.เลยหนองบัวลำภู","สุวรรณคูหา",6
"หนองบัวลำภู","สพม.เลยหนองบัวลำภู","เมืองหนองบัวลำภู",6
"หนองบัวลำภู","สพม.เลยหนองบัวลำภู","โนนสัง",8
"อำนาจเจริญ","สพป.อำนาจเจริญ","ชานุมาน",33
"อำนาจเจริญ","สพป.อำนาจเจริญ","ปทุมราชวงศา",39
"อำนาจเจริญ","สพป.อำนาจเจริญ","พนา",19
"อำนาจเจริญ","สพป.อำนาจเจริญ","ลืออำนาจ",26
"อำนาจเจริญ","สพป.อำนาจเจริญ","หัวตะพาน",47
"อำนาจเจริญ","สพป.อำนาจเจริญ","เมืองอำนาจเจริญ",89
"อำนาจเจริญ","สพป.อำนาจเจริญ","เสนางคนิคม",26
"อำนาจเจริญ","สพม.อุบลราชธานีอำนาจเจริญ","ชานุมาน",6
"อำนาจเจริญ","สพม.อุบลราชธานีอำนาจเจริญ","ปทุมราชวงศา",6
"อำนาจเจริญ","สพม.อุบลราชธานีอำนาจเจริญ","พนา",4
"อำนาจเจริญ","สพม.อุบลราชธานีอำนาจเจริญ","ลืออำนาจ",4
"อำนาจเจริญ","สพม.อุบลราชธานีอำนาจเจริญ","หัวตะพาน",6
"อำนาจเจริญ","สพม.อุบลราชธานีอำนาจเจริญ","เมืองอำนาจเจริญ",16
"อำนาจเจริญ","สพม.อุบลราชธานีอำนาจเจริญ","เสนางคนิคม",4
"อุดรธานี","สพป.อุดรธานี เขต 1","สร้างคอม",30
"อุดรธานี","สพป.อุดรธานี เขต 1","หนองวัวซอ",42
"อุดรธานี","สพป.อุดรธานี เขต 1","เพ็ญ",93
"อุดรธานี","สพป.อุดรธานี เขต 1","เมืองอุดรธานี",136
"อุดรธานี","สพป.อุดรธานี เขต 2","กุมภวาปี",82
"อุดรธานี","สพป.อุดรธานี เขต 2","ประจักษ์ศิลปาคม",23
"อุดรธานี","สพป.อุดรธานี เขต 2","วังสามหมอ",44
"อุดรธานี","สพป.อุดรธานี เขต 2","ศรีธาตุ",39
"อุดรธานี","สพป.อุดรธานี เขต 2","หนองแสง",28
"อุดรธานี","สพป.อุดรธานี เขต 2","โนนสะอาด",42
"อุดรธานี","สพป.อุดรธานี เขต 3","กู่แก้ว",13
"อุดรธานี","สพป.อุดรธานี เขต 3","ทุ่งฝน",19
"อุดรธานี","สพป.อุดรธานี เขต 3","บ้านดุง",93
"อุดรธานี","สพป.อุดรธานี เขต 3","พิบูลย์รักษ์",18
"อุดรธานี","สพป.อุดรธานี เขต 3","หนองหาน",90
"อุดรธานี","สพป.อุดรธานี เขต 3","ไชยวาน",31
"อุดรธานี","สพป.อุดรธานี เขต 4","กุดจับ",43
"อุดรธานี","สพป.อุดรธานี เขต 4","นายูง",21
"อุดรธานี","สพป.อุดรธานี เขต 4","น้ำโสม",40
"อุดรธานี","สพป.อุดรธานี เขต 4","บ้านผือ",82
"อุดรธานี","สพม.อุดรธานี","กุดจับ",4
"อุดรธานี","สพม.อุดรธานี","กุมภวาปี",14
"อุดรธานี","สพม.อุดรธานี","กู่แก้ว",2
"อุดรธานี","สพม.อุดรธานี","ทุ่งฝน",4
"อุดรธานี","สพม.อุดรธานี","นายูง",2
"อุดรธานี","สพม.อุดรธานี","น้ำโสม",4
"อุดรธานี","สพม.อุดรธานี","บ้านดุง",10
"อุดรธานี","สพม.อุดรธานี","บ้านผือ",8
"อุดรธานี","สพม.อุดรธานี","ประจักษ์ศิลปาคม",4
"อุดรธานี","สพม.อุดรธานี","พิบูลย์รักษ์",2
"อุดรธานี","สพม.อุดรธานี","วังสามหมอ",8
"อุดรธานี","สพม.อุดรธานี","ศรีธาตุ",4
"อุดรธานี","สพม.อุดรธานี","สร้างคอม",4
"อุดรธานี","สพม.อุดรธานี","หนองวัวซอ",8
"อุดรธานี","สพม.อุดรธานี","หนองหาน",4
"อุดรธานี","สพม.อุดรธานี","หนองแสง",2
"อุดรธานี","สพม.อุดรธานี","เพ็ญ",8
"อุดรธานี","สพม.อุดรธานี","เมืองอุดรธานี",31
"อุดรธานี","สพม.อุดรธานี","โนนสะอาด",4
"อุดรธานี","สพม.อุดรธานี","ไชยวาน",4
"อุตรดิตถ์","สพป.อุตรดิตถ์ เขต 1","ตรอน",15
"อุตรดิตถ์","สพป.อุตรดิตถ์ เขต 1","ทองแสนขัน",18
"อุตรดิตถ์","สพป.อุตรดิตถ์ เขต 1","พิชัย",58
"อุตรดิตถ์","สพป.อุตรดิตถ์ เขต 1","ลับแล",19
"อุตรดิตถ์","สพป.อุตรดิตถ์ เขต 1","เมืองอุตรดิตถ์",56
"อุตรดิตถ์","สพป.อุตรดิตถ์ เขต 2","ท่าปลา",37
"อุตรดิตถ์","สพป.อุตรดิตถ์ เขต 2","น้ำปาด",29
"อุตรดิตถ์","สพป.อุตรดิตถ์ เขต 2","บ้านโคก",16
"อุตรดิตถ์","สพป.อุตรดิตถ์ เขต 2","ฟากท่า",15
"อุตรดิตถ์","สพม.พิษณุโลกอุตรดิตถ์","ตรอน",2
"อุตรดิตถ์","สพม.พิษณุโลกอุตรดิตถ์","ทองแสนขัน",2
"อุตรดิตถ์","สพม.พิษณุโลกอุตรดิตถ์","ท่าปลา",2
"อุตรดิตถ์","สพม.พิษณุโลกอุตรดิตถ์","น้ำปาด",2
"อุตรดิตถ์","สพม.พิษณุโลกอุตรดิตถ์","บ้านโคก",2
"อุตรดิตถ์","สพม.พิษณุโลกอุตรดิตถ์","พิชัย",6
"อุตรดิตถ์","สพม.พิษณุโลกอุตรดิตถ์","ฟากท่า",2
"อุตรดิตถ์","สพม.พิษณุโลกอุตรดิตถ์","ลับแล",8
"อุตรดิตถ์","สพม.พิษณุโลกอุตรดิตถ์","เมืองอุตรดิตถ์",14
"อุทัยธานี","สพป.อุทัยธานี เขต 1","ทัพทัน",26
"อุทัยธานี","สพป.อุทัยธานี เขต 1","สว่างอารมณ์",34
"อุทัยธานี","สพป.อุทัยธานี เขต 1","หนองขาหย่าง",13
"อุทัยธานี","สพป.อุทัยธานี เขต 1","เมืองอุทัยธานี",22
"อุทัยธานี","สพป.อุทัยธานี เขต 2","บ้านไร่",63
"อุทัยธานี","สพป.อุทัยธานี เขต 2","ลานสัก",42
"อุทัยธานี","สพป.อุทัยธานี เขต 2","หนองฉาง",35
"อุทัยธานี","สพป.อุทัยธานี เขต 2","ห้วยคต",15
"อุทัยธานี","สพม.อุทัยธานีชัยนาท","ทัพทัน",4
"อุทัยธานี","สพม.อุทัยธานีชัยนาท","บ้านไร่",10
"อุทัยธานี","สพม.อุทัยธานีชัยนาท","ลานสัก",6
"อุทัยธานี","สพม.อุทัยธานีชัยนาท","สว่างอารมณ์",4
"อุทัยธานี","สพม.อุทัยธานีชัยนาท","หนองขาหย่าง",6
"อุทัยธานี","สพม.อุทัยธานีชัยนาท","หนองฉาง",6
"อุทัยธานี","สพม.อุทัยธานีชัยนาท","ห้วยคต",4
"อุทัยธานี","สพม.อุทัยธานีชัยนาท","เมืองอุทัยธานี",8
"อุบลราชธานี","สพป.อุบลราชธานี เขต 1","ดอนมดแดง",15
"อุบลราชธานี","สพป.อุบลราชธานี เขต 1","ม่วงสามสิบ",65
"อุบลราชธานี","สพป.อุบลราชธานี เขต 1","เขื่องใน",64
"อุบลราชธานี","สพป.อุบลราชธานี เขต 1","เมืองอุบลราชธานี",74
"อุบลราชธานี","สพป.อุบลราชธานี เขต 1","เหล่าเสือโก้ก",25
"อุบลราชธานี","สพป.อุบลราชธานี เขต 2","กุดข้าวปุ้น",29
"อุบลราชธานี","สพป.อุบลราชธานี เขต 2","ตระการพืชผล",93
"อุบลราชธานี","สพป.อุบลราชธานี เขต 2","นาตาล",34
"อุบลราชธานี","สพป.อุบลราชธานี เขต 2","เขมราฐ",61
"อุบลราชธานี","สพป.อุบลราชธานี เขต 2","โพธิ์ไทร",44
"อุบลราชธานี","สพป.อุบลราชธานี เขต 3","ตาลสุม",23
"อุบลราชธานี","สพป.อุบลราชธานี เขต 3","พิบูลมังสาหาร",86
"อุบลราชธานี","สพป.อุบลราชธานี เขต 3","ศรีเมืองใหม่",55
"อุบลราชธานี","สพป.อุบลราชธานี เขต 3","สิรินธร",40
"อุบลราชธานี","สพป.อุบลราชธานี เขต 3","โขงเจียม",38
"อุบลราชธานี","สพป.อุบลราชธานี เขต 4","นาเยีย",20
"อุบลราชธานี","สพป.อุบลราชธานี เขต 4","วารินชำราบ",54
"อุบลราชธานี","สพป.อุบลราชธานี เขต 4","สว่างวีระวงศ์",24
"อุบลราชธานี","สพป.อุบลราชธานี เขต 4","สำโรง",45
"อุบลราชธานี","สพป.อุบลราชธานี เขต 5","ทุ่งศรีอุดม",25
"อุบลราชธานี","สพป.อุบลราชธานี เขต 5","นาจะหลวย",46
"อุบลราชธานี","สพป.อุบลราชธานี เขต 5","น้ำขุ่น",27
"อุบลราชธานี","สพป.อุบลราชธานี เขต 5","น้ำยืน",46
"อุบลราชธานี","สพป.อุบลราชธานี เขต 5","บุณฑริก",80
"อุบลราชธานี","สพป.อุบลราชธานี เขต 5","เดชอุดม",135
"อุบลราชธานี","สพม.อุบลราชธานีอำนาจเจริญ","กุดข้าวปุ้น",8
"อุบลราชธานี","สพม.อุบลราชธานีอำนาจเจริญ","ดอนมดแดง",2
"อุบลราชธานี","สพม.อุบลราชธานีอำนาจเจริญ","ตระการพืชผล",8
"อุบลราชธานี","สพม.อุบลราชธานีอำนาจเจริญ","ตาลสุม",4
"อุบลราชธานี","สพม.อุบลราชธานีอำนาจเจริญ","ทุ่งศรีอุดม",2
"อุบลราชธานี","สพม.อุบลราชธานีอำนาจเจริญ","นาจะหลวย",4
"อุบลราชธานี","สพม.อุบลราชธานีอำนาจเจริญ","นาตาล",4
"อุบลราชธานี","สพม.อุบลราชธานีอำนาจเจริญ","นาเยีย",2
"อุบลราชธานี","สพม.อุบลราชธานีอำนาจเจริญ","น้ำยืน",4
"อุบลราชธานี","สพม.อุบลราชธานีอำนาจเจริญ","บุณฑริก",4
"อุบลราชธานี","สพม.อุบลราชธานีอำนาจเจริญ","พิบูลมังสาหาร",2
"อุบลราชธานี","สพม.อุบลราชธานีอำนาจเจริญ","ม่วงสามสิบ",12
"อุบลราชธานี","สพม.อุบลราชธานีอำนาจเจริญ","วารินชำราบ",10
"อุบลราชธานี","สพม.อุบลราชธานีอำนาจเจริญ","ศรีเมืองใหม่",8
"อุบลราชธานี","สพม.อุบลราชธานีอำนาจเจริญ","สว่างวีระวงศ์",2
"อุบลราชธานี","สพม.อุบลราชธานีอำนาจเจริญ","สำโรง",4
"อุบลราชธานี","สพม.อุบลราชธานีอำนาจเจริญ","สิรินธร",2
"อุบลราชธานี","สพม.อุบลราชธานีอำนาจเจริญ","เขมราฐ",2
"อุบลราชธานี","สพม.อุบลราชธานีอำนาจเจริญ","เขื่องใน",12
"อุบลราชธานี","สพม.อุบลราชธานีอำนาจเจริญ","เดชอุดม",12
"อุบลราชธานี","สพม.อุบลราชธานีอำนาจเจริญ","เมืองอุบลราชธานี",22
"อุบลราชธานี","สพม.อุบลราชธานีอำนาจเจริญ","เหล่าเสือโก้ก",2
"อุบลราชธานี","สพม.อุบลราชธานีอำนาจเจริญ","โขงเจียม",2
"อุบลราชธานี","สพม.อุบลราชธานีอำนาจเจริญ","โพธิ์ไทร",2
"อ่างทอง","สพป.อ่างทอง","ป่าโมก",4
"อ่างทอง","สพป.อ่างทอง","วิเศษชัยชาญ",20
"อ่างทอง","สพป.อ่างทอง","สามโก้",12
"อ่างทอง","สพป.อ่างทอง","เมืองอ่างทอง",16
"อ่างทอง","สพป.อ่างทอง","แสวงหา",37
"อ่างทอง","สพป.อ่างทอง","โพธิ์ทอง",35
"อ่างทอง","สพป.อ่างทอง","ไชโย",12
"อ่างทอง","สพม.สิงห์บุรีอ่างทอง","ป่าโมก",4
"อ่างทอง","สพม.สิงห์บุรีอ่างทอง","วิเศษชัยชาญ",4
"อ่างทอง","สพม.สิงห์บุรีอ่างทอง","สามโก้",2
"อ่างทอง","สพม.สิงห์บุรีอ่างทอง","เมืองอ่างทอง",4
"อ่างทอง","สพม.สิงห์บุรีอ่างทอง","แสวงหา",4
"อ่างทอง","สพม.สิงห์บุรีอ่างทอง","โพธิ์ทอง",4
"อ่างทอง","สพม.สิงห์บุรีอ่างทอง","ไชโย",2
"เชียงราย","สพป.เชียงราย เขต 1","เมืองเชียงราย",88
"เชียงราย","สพป.เชียงราย เขต 1","เวียงชัย",23
"เชียงราย","สพป.เชียงราย เขต 1","เวียงเชียงรุ้ง",15
"เชียงราย","สพป.เชียงราย เขต 2","ป่าแดด",11
"เชียงราย","สพป.เชียงราย เขต 2","พาน",47
"เชียงราย","สพป.เชียงราย เขต 2","เวียงป่าเป้า",49
"เชียงราย","สพป.เชียงราย เขต 2","แม่ลาว",19
"เชียงราย","สพป.เชียงราย เขต 2","แม่สรวย",62
"เชียงราย","สพป.เชียงราย เขต 3","ดอยหลวง",12
"เชียงราย","สพป.เชียงราย เขต 3","เชียงแสน",29
"เชียงราย","สพป.เชียงราย เขต 3","แม่จัน",36
"เชียงราย","สพป.เชียงราย เขต 3","แม่ฟ้าหลวง",36
"เชียงราย","สพป.เชียงราย เขต 3","แม่สาย",41
"เชียงราย","สพป.เชียงราย เขต 4","ขุนตาล",11
"เชียงราย","สพป.เชียงราย เขต 4","พญาเม็งราย",23
"เชียงราย","สพป.เชียงราย เขต 4","เชียงของ",34
"เชียงราย","สพป.เชียงราย เขต 4","เทิง",53
"เชียงราย","สพป.เชียงราย เขต 4","เวียงแก่น",31
"เชียงราย","สพม.เชียงราย","ขุนตาล",6
"เชียงราย","สพม.เชียงราย","ดอยหลวง",2
"เชียงราย","สพม.เชียงราย","ป่าแดด",2
"เชียงราย","สพม.เชียงราย","พญาเม็งราย",8
"เชียงราย","สพม.เชียงราย","พาน",10
"เชียงราย","สพม.เชียงราย","เชียงของ",6
"เชียงราย","สพม.เชียงราย","เชียงแสน",8
"เชียงราย","สพม.เชียงราย","เทิง",4
"เชียงราย","สพม.เชียงราย","เมืองเชียงราย",20
"เชียงราย","สพม.เชียงราย","เวียงชัย",4
"เชียงราย","สพม.เชียงราย","เวียงป่าเป้า",4
"เชียงราย","สพม.เชียงราย","เวียงเชียงรุ้ง",2
"เชียงราย","สพม.เชียงราย","เวียงแก่น",2
"เชียงราย","สพม.เชียงราย","แม่จัน",2
"เชียงราย","สพม.เชียงราย","แม่ฟ้าหลวง",2
"เชียงราย","สพม.เชียงราย","แม่ลาว",2
"เชียงราย","สพม.เชียงราย","แม่สรวย",4
"เชียงราย","สพม.เชียงราย","แม่สาย",6
"เชียงใหม่","สพป.เชียงใหม่ เขต 1","ดอยสะเก็ด",36
"เชียงใหม่","สพป.เชียงใหม่ เขต 1","สันกำแพง",27
"เชียงใหม่","สพป.เชียงใหม่ เขต 1","เมืองเชียงใหม่",39
"เชียงใหม่","สพป.เชียงใหม่ เขต 1","แม่ออน",12
"เชียงใหม่","สพป.เชียงใหม่ เขต 2","พร้าว",33
"เชียงใหม่","สพป.เชียงใหม่ เขต 2","สะเมิง",34
"เชียงใหม่","สพป.เชียงใหม่ เขต 2","สันทราย",41
"เชียงใหม่","สพป.เชียงใหม่ เขต 2","แม่ริม",30
"เชียงใหม่","สพป.เชียงใหม่ เขต 2","แม่แตง",59
"เชียงใหม่","สพป.เชียงใหม่ เขต 3","ฝาง",70
"เชียงใหม่","สพป.เชียงใหม่ เขต 3","เชียงดาว",64
"เชียงใหม่","สพป.เชียงใหม่ เขต 3","เวียงแหง",12
"เชียงใหม่","สพป.เชียงใหม่ เขต 3","แม่อาย",46
"เชียงใหม่","สพป.เชียงใหม่ เขต 3","ไชยปราการ",30
"เชียงใหม่","สพป.เชียงใหม่ เขต 4","ดอยหล่อ",17
"เชียงใหม่","สพป.เชียงใหม่ เขต 4","สันป่าตอง",26
"เชียงใหม่","สพป.เชียงใหม่ เขต 4","สารภี",29
"เชียงใหม่","สพป.เชียงใหม่ เขต 4","หางดง",27
"เชียงใหม่","สพป.เชียงใหม่ เขต 4","แม่วาง",23
"เชียงใหม่","สพป.เชียงใหม่ เขต 5","ดอยเต่า",31
"เชียงใหม่","สพป.เชียงใหม่ เขต 5","อมก๋อย",50
"เชียงใหม่","สพป.เชียงใหม่ เขต 5","ฮอด",49
"เชียงใหม่","สพป.เชียงใหม่ เขต 6","กัลยาณิวัฒนา",14
"เชียงใหม่","สพป.เชียงใหม่ เขต 6","จอมทอง",44
"เชียงใหม่","สพป.เชียงใหม่ เขต 6","แม่แจ่ม",64
"เชียงใหม่","สพม.เชียงใหม่","กัลยาณิวัฒนา",2
"เชียงใหม่","สพม.เชียงใหม่","จอมทอง",4
"เชียงใหม่","สพม.เชียงใหม่","ดอยสะเก็ด",2
"เชียงใหม่","สพม.เชียงใหม่","ดอยหล่อ",4
"เชียงใหม่","สพม.เชียงใหม่","ดอยเต่า",2
"เชียงใหม่","สพม.เชียงใหม่","ฝาง",2
"เชียงใหม่","สพม.เชียงใหม่","สะเมิง",2
"เชียงใหม่","สพม.เชียงใหม่","สันกำแพง",2
"เชียงใหม่","สพม.เชียงใหม่","สันทราย",2
"เชียงใหม่","สพม.เชียงใหม่","สันป่าตอง",4
"เชียงใหม่","สพม.เชียงใหม่","สารภี",4
"เชียงใหม่","สพม.เชียงใหม่","หางดง",2
"เชียงใหม่","สพม.เชียงใหม่","อมก๋อย",4
"เชียงใหม่","สพม.เชียงใหม่","ฮอด",4
"เชียงใหม่","สพม.เชียงใหม่","เชียงดาว",4
"เชียงใหม่","สพม.เชียงใหม่","เมืองเชียงใหม่",8
"เชียงใหม่","สพม.เชียงใหม่","เวียงแหง",4
"เชียงใหม่","สพม.เชียงใหม่","แม่ริม",4
"เชียงใหม่","สพม.เชียงใหม่","แม่วาง",2
"เชียงใหม่","สพม.เชียงใหม่","แม่ออน",2
"เชียงใหม่","สพม.เชียงใหม่","แม่แจ่ม",2
"เชียงใหม่","สพม.เชียงใหม่","แม่แตง",6
"เชียงใหม่","สพม.เชียงใหม่","ไชยปราการ",2
"เพชรบุรี","สพป.เพชรบุรี เขต 1","บ้านแหลม",28
"เพชรบุรี","สพป.เพชรบุรี เขต 1","หนองหญ้าปล้อง",16
"เพชรบุรี","สพป.เพชรบุรี เขต 1","เขาย้อย",21
"เพชรบุรี","สพป.เพชรบุรี เขต 1","เมืองเพชรบุรี",32
"เพชรบุรี","สพป.เพชรบุรี เขต 2","ชะอำ",30
"เพชรบุรี","สพป.เพชรบุรี เขต 2","ท่ายาง",51
"เพชรบุรี","สพป.เพชรบุรี เขต 2","บ้านลาด",28
"เพชรบุรี","สพป.เพชรบุรี เขต 2","แก่งกระจาน",27
"เพชรบุรี","สพม.เพชรบุรี","ชะอำ",10
"เพชรบุรี","สพม.เพชรบุรี","ท่ายาง",6
"เพชรบุรี","สพม.เพชรบุรี","บ้านลาด",2
"เพชรบุรี","สพม.เพชรบุรี","บ้านแหลม",6
"เพชรบุรี","สพม.เพชรบุรี","หนองหญ้าปล้อง",2
"เพชรบุรี","สพม.เพชรบุรี","เขาย้อย",4
"เพชรบุรี","สพม.เพชรบุรี","เมืองเพชรบุรี",10
"เพชรบุรี","สพม.เพชรบุรี","แก่งกระจาน",4
"เพชรบูรณ์","สพป.เพชรบูรณ์ เขต 1","ชนแดน",60
"เพชรบูรณ์","สพป.เพชรบูรณ์ เขต 1","วังโป่ง",28
"เพชรบูรณ์","สพป.เพชรบูรณ์ เขต 1","เมืองเพชรบูรณ์",100
"เพชรบูรณ์","สพป.เพชรบูรณ์ เขต 2","น้ำหนาว",27
"เพชรบูรณ์","สพป.เพชรบูรณ์ เขต 2","หล่มสัก",107
"เพชรบูรณ์","สพป.เพชรบูรณ์ เขต 2","หล่มเก่า",59
"เพชรบูรณ์","สพป.เพชรบูรณ์ เขต 2","เขาค้อ",17
"เพชรบูรณ์","สพป.เพชรบูรณ์ เขต 3","บึงสามพัน",49
"เพชรบูรณ์","สพป.เพชรบูรณ์ เขต 3","วิเชียรบุรี",98
"เพชรบูรณ์","สพป.เพชรบูรณ์ เขต 3","ศรีเทพ",54
"เพชรบูรณ์","สพป.เพชรบูรณ์ เขต 3","หนองไผ่",77
"เพชรบูรณ์","สพม.เพชรบูรณ์","ชนแดน",6
"เพชรบูรณ์","สพม.เพชรบูรณ์","น้ำหนาว",2
"เพชรบูรณ์","สพม.เพชรบูรณ์","บึงสามพัน",8
"เพชรบูรณ์","สพม.เพชรบูรณ์","วังโป่ง",4
"เพชรบูรณ์","สพม.เพชรบูรณ์","วิเชียรบุรี",16
"เพชรบูรณ์","สพม.เพชรบูรณ์","ศรีเทพ",8
"เพชรบูรณ์","สพม.เพชรบูรณ์","หนองไผ่",8
"เพชรบูรณ์","สพม.เพชรบูรณ์","หล่มสัก",16
"เพชรบูรณ์","สพม.เพชรบูรณ์","หล่มเก่า",4
"เพชรบูรณ์","สพม.เพชรบูรณ์","เขาค้อ",2
"เพชรบูรณ์","สพม.เพชรบูรณ์","เมืองเพชรบูรณ์",12
"เลย","สพป.เลย เขต 1","ท่าลี่",26
"เลย","สพป.เลย เขต 1","นาด้วง",17
"เลย","สพป.เลย เขต 1","ปากชม",36
"เลย","สพป.เลย เขต 1","เชียงคาน",36
"เลย","สพป.เลย เขต 1","เมืองเลย",71
"เลย","สพป.เลย เขต 2","ผาขาว",40
"เลย","สพป.เลย เขต 2","ภูกระดึง",33
"เลย","สพป.เลย เขต 2","ภูหลวง",24
"เลย","สพป.เลย เขต 2","วังสะพุง",66
"เลย","สพป.เลย เขต 2","หนองหิน",21
"เลย","สพป.เลย เขต 2","เอราวัณ",27
"เลย","สพป.เลย เขต 3","ด่านซ้าย",78
"เลย","สพป.เลย เขต 3","นาแห้ว",16
"เลย","สพป.เลย เขต 3","ภูเรือ",29
"เลย","สพม.เลยหนองบัวลำภู","ด่านซ้าย",10
"เลย","สพม.เลยหนองบัวลำภู","ท่าลี่",2
"เลย","สพม.เลยหนองบัวลำภู","นาด้วง",2
"เลย","สพม.เลยหนองบัวลำภู","นาแห้ว",2
"เลย","สพม.เลยหนองบัวลำภู","ปากชม",6
"เลย","สพม.เลยหนองบัวลำภู","ผาขาว",2
"เลย","สพม.เลยหนองบัวลำภู","ภูกระดึง",2
"เลย","สพม.เลยหนองบัวลำภู","ภูหลวง",2
"เลย","สพม.เลยหนองบัวลำภู","ภูเรือ",2
"เลย","สพม.เลยหนองบัวลำภู","วังสะพุง",12
"เลย","สพม.เลยหนองบัวลำภู","หนองหิน",4
"เลย","สพม.เลยหนองบัวลำภู","เชียงคาน",8
"เลย","สพม.เลยหนองบัวลำภู","เมืองเลย",12
"เลย","สพม.เลยหนองบัวลำภู","เอราวัณ",8
"แพร่","สพป.แพร่ เขต 1","ร้องกวาง",12
"แพร่","สพป.แพร่ เขต 1","สอง",6
"แพร่","สพป.แพร่ เขต 1","หนองม่วงไข่",3
"แพร่","สพป.แพร่ เขต 1","เมืองแพร่",11
"แพร่","สพป.แพร่ เขต 2","ลอง",14
"แพร่","สพป.แพร่ เขต 2","วังชิ้น",49
"แพร่","สพป.แพร่ เขต 2","สูงเม่น",5
"แพร่","สพป.แพร่ เขต 2","เด่นชัย",17
"แพร่","สพม.แพร่","ร้องกวาง",2
"แพร่","สพม.แพร่","ลอง",2
"แพร่","สพม.แพร่","วังชิ้น",4
"แพร่","สพม.แพร่","สอง",4
"แพร่","สพม.แพร่","สูงเม่น",6
"แพร่","สพม.แพร่","หนองม่วงไข่",2
"แพร่","สพม.แพร่","เด่นชัย",2
"แพร่","สพม.แพร่","เมืองแพร่",14
"แม่ฮ่องสอน","สพป.แม่ฮ่องสอน เขต 1","ขุนยวม",33
"แม่ฮ่องสอน","สพป.แม่ฮ่องสอน เขต 1","ปางมะผ้า",31
"แม่ฮ่องสอน","สพป.แม่ฮ่องสอน เขต 1","ปาย",38
"แม่ฮ่องสอน","สพป.แม่ฮ่องสอน เขต 1","เมืองแม่ฮ่องสอน",50
"แม่ฮ่องสอน","สพป.แม่ฮ่องสอน เขต 2","สบเมย",61
"แม่ฮ่องสอน","สพป.แม่ฮ่องสอน เขต 2","แม่ลาน้อย",63
"แม่ฮ่องสอน","สพป.แม่ฮ่องสอน เขต 2","แม่สะเรียง",82
"แม่ฮ่องสอน","สพม.แม่ฮ่องสอน","ขุนยวม",2
"แม่ฮ่องสอน","สพม.แม่ฮ่องสอน","ปางมะผ้า",4
"แม่ฮ่องสอน","สพม.แม่ฮ่องสอน","ปาย",4
"แม่ฮ่องสอน","สพม.แม่ฮ่องสอน","สบเมย",4
"แม่ฮ่องสอน","สพม.แม่ฮ่องสอน","แม่ลาน้อย",2
