"affiliation","term","percent_vip","r_squared"
"สพป. ศรีสะเกษ เขต 1","Infrastructure & Connectivity",42.82857094177592,1.9604473471649069
"สพป. ศรีสะเกษ เขต 1","Poor Family",11.610458495690796,1.9604473471649069
"สพป. ศรีสะเกษ เขต 1","School Distance",24.019841075006735,1.9604473471649069
"สพป. ศรีสะเกษ เขต 1","Student Level",10.633433003360249,1.9604473471649069
"สพป. ศรีสะเกษ เขต 1","school_size",10.907696484166308,1.9604473471649069
"สพป.กระบี่","Hard to Reach",18.67426330728457,8.606131490166574
"สพป.กระบี่","Infrastructure & Connectivity",5.0112230677460445,8.606131490166574
"สพป.กระบี่","Poor Family",11.895692470222285,8.606131490166574
"สพป.กระบี่","School Distance",15.453572709395644,8.606131490166574
"สพป.กระบี่","Student Level",12.005902623895937,8.606131490166574
"สพป.กระบี่","school_size",36.959345821455514,8.606131490166574
"สพป.กรุงเทพมหานคร","Infrastructure & Connectivity",6.567549546443651,23.781747940928447
"สพป.กรุงเทพมหานคร","School Distance",10.656776270919076,23.781747940928447
"สพป.กรุงเทพมหานคร","Student Level",45.75104644454245,23.781747940928447
"สพป.กรุงเทพมหานคร","school_size",22.69349253179749,23.781747940928447
"สพป.กาญจนบุรี เขต 1","Hard to Reach",34.61443808426945,12.265732242582757
"สพป.กาญจนบุรี เขต 1","Infrastructure & Connectivity",15.522383843805107,12.265732242582757
"สพป.กาญจนบุรี เขต 1","Poor Family",16.45884521878194,12.265732242582757
"สพป.กาญจนบุรี เขต 1","School Distance",8.564151392579738,12.265732242582757
"สพป.กาญจนบุรี เขต 1","Student Level",8.168389355739734,12.265732242582757
"สพป.กาญจนบุรี เขต 1","school_size",2.318171889638044,12.265732242582757
"สพป.กาญจนบุรี เขต 2","Infrastructure & Connectivity",38.252465747513625,1.8044471557067405
"สพป.กาญจนบุรี เขต 2","Poor Family",29.16675068292097,1.8044471557067405
"สพป.กาญจนบุรี เขต 2","School Distance",9.988641686929988,1.8044471557067405
"สพป.กาญจนบุรี เขต 2","Student Level",15.749567139746848,1.8044471557067405
"สพป.กาญจนบุรี เขต 2","school_size",6.8425747428885755,1.8044471557067405
"สพป.กาญจนบุรี เขต 3","Hard to Reach",20.05667505772821,13.613922489782556
"สพป.กาญจนบุรี เขต 3","Infrastructure & Connectivity",6.701536583866688,13.613922489782556
"สพป.กาญจนบุรี เขต 3","Poor Family",24.228915548321677,13.613922489782556
"สพป.กาญจนบุรี เขต 3","School Distance",4.654284093991255,13.613922489782556
"สพป.กาญจนบุรี เขต 3","Student Level",9.03642416063153,13.613922489782556
"สพป.กาญจนบุรี เขต 3","school_size",6.392207601347674,13.613922489782556
"สพป.กาญจนบุรี เขต 4","Infrastructure & Connectivity",23.170472998568016,7.468355426256582
"สพป.กาญจนบุรี เขต 4","Poor Family",12.465599741406741,7.468355426256582
"สพป.กาญจนบุรี เขต 4","School Distance",14.795380622096832,7.468355426256582
"สพป.กาญจนบุรี เขต 4","Student Level",21.933833358483977,7.468355426256582
"สพป.กาญจนบุรี เขต 4","school_size",27.634713279444426,7.468355426256582
"สพป.กาฬสินธุ์ เขต 1","Infrastructure & Connectivity",22.289778214392122,4.943368203789658
"สพป.กาฬสินธุ์ เขต 1","Poor Family",15.684312858553572,4.943368203789658
"สพป.กาฬสินธุ์ เขต 1","School Distance",16.37873616446003,4.943368203789658
"สพป.กาฬสินธุ์ เขต 1","Student Level",9.783950958517545,4.943368203789658
"สพป.กาฬสินธุ์ เขต 1","school_size",35.863221804076744,4.943368203789658
"สพป.กาฬสินธุ์ เขต 2","Infrastructure & Connectivity",24.579253455201073,4.909997383702483
"สพป.กาฬสินธุ์ เขต 2","Poor Family",24.15206274693911,4.909997383702483
"สพป.กาฬสินธุ์ เขต 2","School Distance",15.14804743363409,4.909997383702483
"สพป.กาฬสินธุ์ เขต 2","Student Level",7.018493876079475,4.909997383702483
"สพป.กาฬสินธุ์ เขต 2","school_size",29.10214248814625,4.909997383702483
"สพป.กาฬสินธุ์ เขต 3","Infrastructure & Connectivity",38.1559724359975,7.160759078882846
"สพป.กาฬสินธุ์ เขต 3","Poor Family",45.77122036926409,7.160759078882846
"สพป.กาฬสินธุ์ เขต 3","School Distance",3.7153113894942695,7.160759078882846
"สพป.กาฬสินธุ์ เขต 3","Student Level",9.778511796501054,7.160759078882846
"สพป.กาฬสินธุ์ เขต 3","school_size",2.578984008743075,7.160759078882846
"สพป.กำแพงเพชร เขต 1","Infrastructure & Connectivity",13.44127406627858,4.762951123614281
"สพป.กำแพงเพชร เขต 1","Poor Family",16.148618778010405,4.762951123614281
"สพป.กำแพงเพชร เขต 1","School Distance",12.373624956036153,4.762951123614281
"สพป.กำแพงเพชร เขต 1","Student Level",28.38060016926127,4.762951123614281
"สพป.กำแพงเพชร เขต 1","school_size",29.655882030413586,4.762951123614281
"สพป.กำแพงเพชร เขต 2","Infrastructure & Connectivity",26.16266699568742,19.37127607694993
"สพป.กำแพงเพชร เขต 2","Poor Family",8.251506981653156,19.37127607694993
"สพป.กำแพงเพชร เขต 2","School Distance",56.75261801045467,19.37127607694993
"สพป.กำแพงเพชร เขต 2","Student Level",6.1190151946757085,19.37127607694993
"สพป.กำแพงเพชร เขต 2","school_size",2.7141928175290375,19.37127607694993
"สพป.ขอนแก่น เขต 1","Infrastructure & Connectivity",26.380907970229728,15.372581291803474
"สพป.ขอนแก่น เขต 1","Poor Family",47.54488459577907,15.372581291803474
"สพป.ขอนแก่น เขต 1","School Distance",1.869882616263822,15.372581291803474
"สพป.ขอนแก่น เขต 1","Student Level",1.4422192437572185,15.372581291803474
"สพป.ขอนแก่น เขต 1","school_size",22.76210557397016,15.372581291803474
"สพป.ขอนแก่น เขต 2","Infrastructure & Connectivity",9.154579564464008,4.357447465180566
"สพป.ขอนแก่น เขต 2","Poor Family",2.1973853914255566,4.357447465180566
"สพป.ขอนแก่น เขต 2","School Distance",27.771131660412866,4.357447465180566
"สพป.ขอนแก่น เขต 2","Student Level",23.124762875332703,4.357447465180566
"สพป.ขอนแก่น เขต 2","school_size",37.75214050836487,4.357447465180566
"สพป.ขอนแก่น เขต 3","Infrastructure & Connectivity",10.477437712486612,6.150418817729198
"สพป.ขอนแก่น เขต 3","Poor Family",23.634494921792225,6.150418817729198
"สพป.ขอนแก่น เขต 3","School Distance",24.371344166708806,6.150418817729198
"สพป.ขอนแก่น เขต 3","Student Level",30.226147323388986,6.150418817729198
"สพป.ขอนแก่น เขต 3","school_size",11.290575875623375,6.150418817729198
"สพป.ขอนแก่น เขต 4","Infrastructure & Connectivity",24.967207540976535,2.5764679939772264
"สพป.ขอนแก่น เขต 4","Poor Family",11.24678219602842,2.5764679939772264
"สพป.ขอนแก่น เขต 4","School Distance",8.907012463689536,2.5764679939772264
"สพป.ขอนแก่น เขต 4","Student Level",40.964771683197625,2.5764679939772264
"สพป.ขอนแก่น เขต 4","school_size",13.914226116107884,2.5764679939772264
"สพป.ขอนแก่น เขต 5","Infrastructure & Connectivity",32.17595110819292,11.98339427005824
"สพป.ขอนแก่น เขต 5","Poor Family",7.60460538076136,11.98339427005824
"สพป.ขอนแก่น เขต 5","School Distance",42.11837015929959,11.98339427005824
"สพป.ขอนแก่น เขต 5","Student Level",5.38507994953126,11.98339427005824
"สพป.ขอนแก่น เขต 5","school_size",12.715993402214881,11.98339427005824
"สพป.จันทบุรี เขต 1","Infrastructure & Connectivity",8.916070611266372,27.445090956383417
"สพป.จันทบุรี เขต 1","Poor Family",22.973642992633017,27.445090956383417
"สพป.จันทบุรี เขต 1","School Distance",29.194956120235698,27.445090956383417
"สพป.จันทบุรี เขต 1","Student Level",2.5252790540293977,27.445090956383417
"สพป.จันทบุรี เขต 1","school_size",36.39005122183552,27.445090956383417
"สพป.จันทบุรี เขต 2","Infrastructure & Connectivity",32.73794980595239,14.020131901121
"สพป.จันทบุรี เขต 2","Poor Family",17.11896668805223,14.020131901121
"สพป.จันทบุรี เขต 2","School Distance",27.285593571859827,14.020131901121
"สพป.จันทบุรี เขต 2","Student Level",9.52145002153726,14.020131901121
"สพป.จันทบุรี เขต 2","school_size",13.336039912598293,14.020131901121
"สพป.ฉะเชิงเทรา เขต 1","Infrastructure & Connectivity",3.502047641824005,24.242194786698253
"สพป.ฉะเชิงเทรา เขต 1","Poor Family",4.577078372686941,24.242194786698253
"สพป.ฉะเชิงเทรา เขต 1","School Distance",28.23718912790843,24.242194786698253
"สพป.ฉะเชิงเทรา เขต 1","Student Level",0.515576433638087,24.242194786698253
"สพป.ฉะเชิงเทรา เขต 1","school_size",63.16810842394252,24.242194786698253
"สพป.ฉะเชิงเทรา เขต 2","Infrastructure & Connectivity",1.2134637048864598,13.118336471411023
"สพป.ฉะเชิงเทรา เขต 2","Poor Family",20.707261991705153,13.118336471411023
"สพป.ฉะเชิงเทรา เขต 2","School Distance",53.667060905210974,13.118336471411023
"สพป.ฉะเชิงเทรา เขต 2","Student Level",20.541424608344048,13.118336471411023
"สพป.ฉะเชิงเทรา เขต 2","school_size",3.8707887898533717,13.118336471411023
"สพป.ชลบุรี เขต 1","Infrastructure & Connectivity",15.108794984764861,14.843951861576505
"สพป.ชลบุรี เขต 1","Poor Family",0.28562478567260985,14.843951861576505
"สพป.ชลบุรี เขต 1","School Distance",2.248483723380451,14.843951861576505
"สพป.ชลบุรี เขต 1","Student Level",22.452814588912773,14.843951861576505
"สพป.ชลบุรี เขต 1","school_size",59.9042819172693,14.843951861576505
"สพป.ชลบุรี เขต 2","Infrastructure & Connectivity",30.47116591659063,6.865369757864194
"สพป.ชลบุรี เขต 2","Poor Family",28.02964426251757,6.865369757864194
"สพป.ชลบุรี เขต 2","School Distance",2.8029482407620567,6.865369757864194
"สพป.ชลบุรี เขต 2","Student Level",10.96034309348574,6.865369757864194
"สพป.ชลบุรี เขต 2","school_size",27.735898486644004,6.865369757864194
"สพป.ชลบุรี เขต 3","Infrastructure & Connectivity",30.328130017544343,4.565741264695892
"สพป.ชลบุรี เขต 3","School Distance",34.17101183000009,4.565741264695892
"สพป.ชลบุรี เขต 3","Student Level",12.639509697806059,4.565741264695892
"สพป.ชลบุรี เขต 3","school_size",22.86134845464951,4.565741264695892
"สพป.ชัยนาท","Infrastructure & Connectivity",15.146451769430422,11.347690436945374
"สพป.ชัยนาท","Poor Family",37.20807262567784,11.347690436945374
"สพป.ชัยนาท","School Distance",8.924285632868997,11.347690436945374
"สพป.ชัยนาท","Student Level",16.33781470659212,11.347690436945374
"สพป.ชัยนาท","school_size",22.38337526543062,11.347690436945374
"สพป.ชัยภูมิ เขต 1","Infrastructure & Connectivity",36.259052546125034,22.818062063452338
"สพป.ชัยภูมิ เขต 1","Poor Family",6.149320750463242,22.818062063452338
"สพป.ชัยภูมิ เขต 1","School Distance",35.86949049281109,22.818062063452338
"สพป.ชัยภูมิ เขต 1","Student Level",4.38771703202237,22.818062063452338
"สพป.ชัยภูมิ เขต 1","school_size",17.334419178578294,22.818062063452338
"สพป.ชัยภูมิ เขต 2","Infrastructure & Connectivity",10.901063024320388,9.941349346959733
"สพป.ชัยภูมิ เขต 2","Poor Family",4.7671744027014675,9.941349346959733
"สพป.ชัยภูมิ เขต 2","School Distance",36.231961595126144,9.941349346959733
"สพป.ชัยภูมิ เขต 2","Student Level",24.435525813978337,9.941349346959733
"สพป.ชัยภูมิ เขต 2","school_size",23.664275163873658,9.941349346959733
"สพป.ชัยภูมิ เขต 3","Infrastructure & Connectivity",13.518549454889904,22.056364997625657
"สพป.ชัยภูมิ เขต 3","Poor Family",10.966030346553866,22.056364997625657
"สพป.ชัยภูมิ เขต 3","School Distance",62.575187792753695,22.056364997625657
"สพป.ชัยภูมิ เขต 3","Student Level",3.868723504186959,22.056364997625657
"สพป.ชัยภูมิ เขต 3","school_size",9.071508901615571,22.056364997625657
"สพป.ชุมพร เขต 1","Infrastructure & Connectivity",16.340313972869698,5.748173367981833
"สพป.ชุมพร เขต 1","Poor Family",8.009655618421506,5.748173367981833
"สพป.ชุมพร เขต 1","School Distance",14.642529554135093,5.748173367981833
"สพป.ชุมพร เขต 1","Student Level",33.720807475382664,5.748173367981833
"สพป.ชุมพร เขต 1","school_size",27.28669337919104,5.748173367981833
"สพป.ชุมพร เขต 2","Infrastructure & Connectivity",12.647078269070128,14.951009294117574
"สพป.ชุมพร เขต 2","Poor Family",27.022731820086847,14.951009294117574
"สพป.ชุมพร เขต 2","School Distance",36.2368040002474,14.951009294117574
"สพป.ชุมพร เขต 2","Student Level",22.33273949841886,14.951009294117574
"สพป.ชุมพร เขต 2","school_size",1.7606464121767482,14.951009294117574
"สพป.ตรัง เขต 1","Infrastructure & Connectivity",14.420296714752507,14.32824238783823
"สพป.ตรัง เขต 1","Poor Family",18.73827261885803,14.32824238783823
"สพป.ตรัง เขต 1","School Distance",15.684264194232856,14.32824238783823
"สพป.ตรัง เขต 1","Student Level",41.74737038457847,14.32824238783823
"สพป.ตรัง เขต 1","school_size",9.409796087578144,14.32824238783823
"สพป.ตรัง เขต 2","Poor Family",15.49137950377991,15.917065298642477
"สพป.ตรัง เขต 2","School Distance",46.09598991109186,15.917065298642477
"สพป.ตรัง เขต 2","Student Level",21.923286584013677,15.917065298642477
"สพป.ตรัง เขต 2","school_size",16.48934400111455,15.917065298642477
"สพป.ตราด","Hard to Reach",9.141880826119266,6.480585094642052
"สพป.ตราด","Infrastructure & Connectivity",2.8870622694050794,6.480585094642052
"สพป.ตราด","Poor Family",25.410622406920282,6.480585094642052
"สพป.ตราด","School Distance",12.44564550080292,6.480585094642052
"สพป.ตราด","Student Level",10.77489265506518,6.480585094642052
"สพป.ตราด","school_size",39.339896341687265,6.480585094642052
"สพป.ตาก เขต 1","Hard to Reach",21.39920781142727,12.357122305277578
"สพป.ตาก เขต 1","Infrastructure & Connectivity",36.655055366276564,12.357122305277578
"สพป.ตาก เขต 1","Poor Family",9.18720637706917,12.357122305277578
"สพป.ตาก เขต 1","School Distance",19.51273075819928,12.357122305277578
"สพป.ตาก เขต 1","Student Level",1.1410203133593269,12.357122305277578
"สพป.ตาก เขต 1","school_size",12.104779373668386,12.357122305277578
"สพป.ตาก เขต 2","Hard to Reach",3.9936947876985514,11.68212540318144
"สพป.ตาก เขต 2","Infrastructure & Connectivity",42.77998644809393,11.68212540318144
"สพป.ตาก เขต 2","Poor Family",25.489837677868987,11.68212540318144
"สพป.ตาก เขต 2","School Distance",5.968206209360386,11.68212540318144
"สพป.ตาก เขต 2","Student Level",8.72409266761498,11.68212540318144
"สพป.ตาก เขต 2","school_size",9.034125096552192,11.68212540318144
"สพป.นครนายก","Infrastructure & Connectivity",0.7149043392694192,13.536998880560583
"สพป.นครนายก","Poor Family",19.718029734505244,13.536998880560583
"สพป.นครนายก","School Distance",29.76250095858467,13.536998880560583
"สพป.นครนายก","Student Level",15.10840232974748,13.536998880560583
"สพป.นครนายก","school_size",34.696162637893195,13.536998880560583
"สพป.นครปฐม เขต 1","Infrastructure & Connectivity",9.18693555052646,8.05337952103095
"สพป.นครปฐม เขต 1","Poor Family",1.487440807348948,8.05337952103095
"สพป.นครปฐม เขต 1","School Distance",31.075807222976195,8.05337952103095
"สพป.นครปฐม เขต 1","Student Level",6.279559740389185,8.05337952103095
"สพป.นครปฐม เขต 1","school_size",51.97025667875921,8.05337952103095
"สพป.นครปฐม เขต 2","Infrastructure & Connectivity",5.441186870121535,3.535909982767143
"สพป.นครปฐม เขต 2","Poor Family",11.93883850886255,3.535909982767143
"สพป.นครปฐม เขต 2","School Distance",8.401259674428724,3.535909982767143
"สพป.นครปฐม เขต 2","Student Level",52.28323645037094,3.535909982767143
"สพป.นครปฐม เขต 2","school_size",21.935478496216238,3.535909982767143
"สพป.นครพนม เขต 1","Infrastructure & Connectivity",20.498660062320344,9.950627522791136
"สพป.นครพนม เขต 1","Poor Family",2.2493155886707745,9.950627522791136
"สพป.นครพนม เขต 1","School Distance",2.395717893484188,9.950627522791136
"สพป.นครพนม เขต 1","Student Level",29.010180949185386,9.950627522791136
"สพป.นครพนม เขต 1","school_size",45.84612550633931,9.950627522791136
"สพป.นครพนม เขต 2","Infrastructure & Connectivity",16.08345913579158,6.751003443027316
"สพป.นครพนม เขต 2","Poor Family",19.457411694493285,6.751003443027316
"สพป.นครพนม เขต 2","School Distance",36.62620031304107,6.751003443027316
"สพป.นครพนม เขต 2","Student Level",6.7215582266566285,6.751003443027316
"สพป.นครพนม เขต 2","school_size",21.111370630017436,6.751003443027316
"สพป.นครราชสีมา เขต 1","Infrastructure & Connectivity",13.41826292635202,18.98312377119344
"สพป.นครราชสีมา เขต 1","Poor Family",8.174072917995403,18.98312377119344
"สพป.นครราชสีมา เขต 1","School Distance",6.891334521595762,18.98312377119344
"สพป.นครราชสีมา เขต 1","Student Level",34.39939756989804,18.98312377119344
"สพป.นครราชสีมา เขต 1","school_size",37.11693206415878,18.98312377119344
"สพป.นครราชสีมา เขต 2","Infrastructure & Connectivity",12.772105201272131,5.110698446411322
"สพป.นครราชสีมา เขต 2","Poor Family",31.78129639801322,5.110698446411322
"สพป.นครราชสีมา เขต 2","School Distance",5.535736366974713,5.110698446411322
"สพป.นครราชสีมา เขต 2","Student Level",23.529830638657014,5.110698446411322
"สพป.นครราชสีมา เขต 2","school_size",26.38103139508293,5.110698446411322
"สพป.นครราชสีมา เขต 3","Infrastructure & Connectivity",2.124965959967283,4.582858524358688
"สพป.นครราชสีมา เขต 3","Poor Family",35.47242497683549,4.582858524358688
"สพป.นครราชสีมา เขต 3","School Distance",9.637664777187739,4.582858524358688
"สพป.นครราชสีมา เขต 3","Student Level",38.40853799683675,4.582858524358688
"สพป.นครราชสีมา เขต 3","school_size",14.35640628917275,4.582858524358688
"สพป.นครราชสีมา เขต 4","Infrastructure & Connectivity",1.02688981018585,8.1357242409606
"สพป.นครราชสีมา เขต 4","Poor Family",0.5653191510625694,8.1357242409606
"สพป.นครราชสีมา เขต 4","School Distance",12.923321238834976,8.1357242409606
"สพป.นครราชสีมา เขต 4","Student Level",18.268648294235927,8.1357242409606
"สพป.นครราชสีมา เขต 4","school_size",67.21582150568068,8.1357242409606
"สพป.นครราชสีมา เขต 5","Infrastructure & Connectivity",19.208334928914514,4.701141399169592
"สพป.นครราชสีมา เขต 5","Poor Family",12.528041765152183,4.701141399169592
"สพป.นครราชสีมา เขต 5","School Distance",54.958292605307136,4.701141399169592
"สพป.นครราชสีมา เขต 5","Student Level",10.775887425955712,4.701141399169592
"สพป.นครราชสีมา เขต 5","school_size",2.5294432746704616,4.701141399169592
"สพป.นครราชสีมา เขต 6","Infrastructure & Connectivity",39.08097977260295,0.4967152500190452
"สพป.นครราชสีมา เขต 6","Poor Family",17.183968119901028,0.4967152500190452
"สพป.นครราชสีมา เขต 6","School Distance",31.11296483076208,0.4967152500190452
"สพป.นครราชสีมา เขต 6","Student Level",4.38846364970587,0.4967152500190452
"สพป.นครราชสีมา เขต 6","school_size",8.233623627028065,0.4967152500190452
"สพป.นครราชสีมา เขต 7","Infrastructure & Connectivity",1.6893100801228822,5.297486033291941
"สพป.นครราชสีมา เขต 7","Poor Family",1.7956831086601792,5.297486033291941
"สพป.นครราชสีมา เขต 7","School Distance",44.432185491744356,5.297486033291941
"สพป.นครราชสีมา เขต 7","Student Level",26.6336945531881,5.297486033291941
"สพป.นครราชสีมา เขต 7","school_size",25.4491267662845,5.297486033291941
"สพป.นครศรีธรรมราช เขต 1","Infrastructure & Connectivity",38.28256236509073,13.571530915251634
"สพป.นครศรีธรรมราช เขต 1","Poor Family",2.4869059637064854,13.571530915251634
"สพป.นครศรีธรรมราช เขต 1","School Distance",1.553435440294427,13.571530915251634
"สพป.นครศรีธรรมราช เขต 1","Student Level",4.834069845167179,13.571530915251634
"สพป.นครศรีธรรมราช เขต 1","school_size",52.84302638574117,13.571530915251634
"สพป.นครศรีธรรมราช เขต 2","Infrastructure & Connectivity",12.439371711544204,5.233822246367806
"สพป.นครศรีธรรมราช เขต 2","Poor Family",32.93049050997243,5.233822246367806
"สพป.นครศรีธรรมราช เขต 2","School Distance",6.855441229537137,5.233822246367806
"สพป.นครศรีธรรมราช เขต 2","Student Level",37.3839098711718,5.233822246367806
"สพป.นครศรีธรรมราช เขต 2","school_size",10.390786677774429,5.233822246367806
"สพป.นครศรีธรรมราช เขต 3","Infrastructure & Connectivity",5.7243728426488,4.081971394069801
"สพป.นครศรีธรรมราช เขต 3","Poor Family",15.221229713730823,4.081971394069801
"สพป.นครศรีธรรมราช เขต 3","School Distance",14.148422742860289,4.081971394069801
"สพป.นครศรีธรรมราช เขต 3","Student Level",45.16141426618742,4.081971394069801
"สพป.นครศรีธรรมราช เขต 3","school_size",19.744560434572666,4.081971394069801
"สพป.นครศรีธรรมราช เขต 4","Infrastructure & Connectivity",29.414773203900136,14.428964551431298
"สพป.นครศรีธรรมราช เขต 4","Poor Family",3.57239177531838,14.428964551431298
"สพป.นครศรีธรรมราช เขต 4","School Distance",19.76572922230253,14.428964551431298
"สพป.นครศรีธรรมราช เขต 4","Student Level",24.55124203390054,14.428964551431298
"สพป.นครศรีธรรมราช เขต 4","school_size",22.69586376457841,14.428964551431298
"สพป.นครสวรรค์ เขต 1","Infrastructure & Connectivity",19.57528842277244,15.081441040602837
"สพป.นครสวรรค์ เขต 1","Poor Family",22.16599841155027,15.081441040602837
"สพป.นครสวรรค์ เขต 1","School Distance",8.063189847049442,15.081441040602837
"สพป.นครสวรรค์ เขต 1","Student Level",18.510156689308417,15.081441040602837
"สพป.นครสวรรค์ เขต 1","school_size",31.68536662931943,15.081441040602837
"สพป.นครสวรรค์ เขต 2","Infrastructure & Connectivity",27.124394789752824,16.634738120524297
"สพป.นครสวรรค์ เขต 2","Poor Family",13.654054098907839,16.634738120524297
"สพป.นครสวรรค์ เขต 2","School Distance",38.285710388328184,16.634738120524297
"สพป.นครสวรรค์ เขต 2","Student Level",8.758770235514785,16.634738120524297
"สพป.นครสวรรค์ เขต 2","school_size",12.177070487496362,16.634738120524297
"สพป.นครสวรรค์ เขต 3","Infrastructure & Connectivity",27.050575100332647,4.31871798507977
"สพป.นครสวรรค์ เขต 3","Poor Family",11.196022109563977,4.31871798507977
"สพป.นครสวรรค์ เขต 3","School Distance",20.070844186615382,4.31871798507977
"สพป.นครสวรรค์ เขต 3","Student Level",4.198652311040914,4.31871798507977
"สพป.นครสวรรค์ เขต 3","school_size",37.48390629244707,4.31871798507977
"สพป.นนทบุรี เขต 1","Infrastructure & Connectivity",9.269053366983698,65.00695469371227
"สพป.นนทบุรี เขต 1","Poor Family",23.885447986817645,65.00695469371227
"สพป.นนทบุรี เขต 1","School Distance",11.736277142550161,65.00695469371227
"สพป.นนทบุรี เขต 1","Student Level",14.748713561720365,65.00695469371227
"สพป.นนทบุรี เขต 1","school_size",40.360507941928134,65.00695469371227
"สพป.นนทบุรี เขต 2","Infrastructure & Connectivity",15.465044173239466,21.005000228542357
"สพป.นนทบุรี เขต 2","Poor Family",30.33812647327194,21.005000228542357
"สพป.นนทบุรี เขต 2","School Distance",20.490745843637217,21.005000228542357
"สพป.นนทบุรี เขต 2","Student Level",19.534485506418168,21.005000228542357
"สพป.นนทบุรี เขต 2","school_size",14.171598003433205,21.005000228542357
"สพป.นราธิวาส เขต 1","Infrastructure & Connectivity",4.376800257989876,8.551558914110274
"สพป.นราธิวาส เขต 1","Poor Family",34.39145781459842,8.551558914110274
"สพป.นราธิวาส เขต 1","School Distance",39.61957098405138,8.551558914110274
"สพป.นราธิวาส เขต 1","Student Level",5.719517980770604,8.551558914110274
"สพป.นราธิวาส เขต 1","school_size",15.892652962589734,8.551558914110274
"สพป.นราธิวาส เขต 2","Infrastructure & Connectivity",7.910023541106196,12.051907905863178
"สพป.นราธิวาส เขต 2","Poor Family",5.568638709914232,12.051907905863178
"สพป.นราธิวาส เขต 2","School Distance",23.22430554908679,12.051907905863178
"สพป.นราธิวาส เขต 2","Student Level",13.910332065316346,12.051907905863178
"สพป.นราธิวาส เขต 2","school_size",49.38670013457643,12.051907905863178
"สพป.นราธิวาส เขต 3","Infrastructure & Connectivity",15.57615105027617,7.871216119754165
"สพป.นราธิวาส เขต 3","Poor Family",23.07967457672363,7.871216119754165
"สพป.นราธิวาส เขต 3","School Distance",26.281811545610495,7.871216119754165
"สพป.นราธิวาส เขต 3","Student Level",15.560000456536715,7.871216119754165
"สพป.นราธิวาส เขต 3","school_size",19.502362370852985,7.871216119754165
"สพป.น่าน เขต 1","Hard to Reach",19.98985263091876,4.061981816202748
"สพป.น่าน เขต 1","Infrastructure & Connectivity",4.538602197845906,4.061981816202748
"สพป.น่าน เขต 1","Poor Family",18.202931758500974,4.061981816202748
"สพป.น่าน เขต 1","School Distance",16.733878449621727,4.061981816202748
"สพป.น่าน เขต 1","Student Level",6.524992022002292,4.061981816202748
"สพป.น่าน เขต 1","school_size",22.714166858016643,4.061981816202748
"สพป.น่าน เขต 2","Hard to Reach",30.361558015994483,34.437453018539344
"สพป.น่าน เขต 2","Infrastructure & Connectivity",8.621338147205856,34.437453018539344
"สพป.น่าน เขต 2","Poor Family",9.850030281027271,34.437453018539344
"สพป.น่าน เขต 2","School Distance",1.7487223480250482,34.437453018539344
"สพป.น่าน เขต 2","Student Level",1.958414221243565,34.437453018539344
"สพป.น่าน เขต 2","school_size",9.980138959287272,34.437453018539344
"สพป.บึงกาฬ","Infrastructure & Connectivity",17.8867750045186,9.079028641898343
"สพป.บึงกาฬ","Poor Family",16.3021711691244,9.079028641898343
"สพป.บึงกาฬ","School Distance",42.04273016741242,9.079028641898343
"สพป.บึงกาฬ","Student Level",12.947599169077575,9.079028641898343
"สพป.บึงกาฬ","school_size",10.820724489867011,9.079028641898343
"สพป.บุรีรัมย์ เขต 1","Infrastructure & Connectivity",21.1242751528188,8.482717926631041
"สพป.บุรีรัมย์ เขต 1","Poor Family",2.18104532058939,8.482717926631041
"สพป.บุรีรัมย์ เขต 1","School Distance",21.83968025383959,8.482717926631041
"สพป.บุรีรัมย์ เขต 1","Student Level",30.57851433309866,8.482717926631041
"สพป.บุรีรัมย์ เขต 1","school_size",24.276484939653567,8.482717926631041
"สพป.บุรีรัมย์ เขต 2","Infrastructure & Connectivity",26.58314526281234,11.740769072861974
"สพป.บุรีรัมย์ เขต 2","Poor Family",37.988082001472826,11.740769072861974
"สพป.บุรีรัมย์ เขต 2","School Distance",24.024328207009766,11.740769072861974
"สพป.บุรีรัมย์ เขต 2","Student Level",4.680816133142029,11.740769072861974
"สพป.บุรีรัมย์ เขต 2","school_size",6.7236283955630425,11.740769072861974
"สพป.บุรีรัมย์ เขต 3","Infrastructure & Connectivity",13.203219958680284,5.550296057117791
"สพป.บุรีรัมย์ เขต 3","Poor Family",14.905115606921402,5.550296057117791
"สพป.บุรีรัมย์ เขต 3","School Distance",43.483521764485175,5.550296057117791
"สพป.บุรีรัมย์ เขต 3","Student Level",20.597933956844173,5.550296057117791
"สพป.บุรีรัมย์ เขต 3","school_size",7.810208713068966,5.550296057117791
"สพป.บุรีรัมย์ เขต 4","Infrastructure & Connectivity",8.721276222592804,12.645749105005047
"สพป.บุรีรัมย์ เขต 4","Poor Family",17.03695308237623,12.645749105005047
"สพป.บุรีรัมย์ เขต 4","School Distance",47.34343706604136,12.645749105005047
"สพป.บุรีรัมย์ เขต 4","Student Level",17.86156992355752,12.645749105005047
"สพป.บุรีรัมย์ เขต 4","school_size",9.036763705432087,12.645749105005047
"สพป.ปทุมธานี เขต 1","Infrastructure & Connectivity",6.585280667073669,3.9799326811270865
"สพป.ปทุมธานี เขต 1","School Distance",8.936855954896357,3.9799326811270865
"สพป.ปทุมธานี เขต 1","Student Level",29.833639144763296,3.9799326811270865
"สพป.ปทุมธานี เขต 1","school_size",54.64422423326668,3.9799326811270865
"สพป.ปทุมธานี เขต 2","Infrastructure & Connectivity",0.7626956675669234,21.426062704413514
"สพป.ปทุมธานี เขต 2","School Distance",29.604049623888645,21.426062704413514
"สพป.ปทุมธานี เขต 2","Student Level",39.30602497011952,21.426062704413514
"สพป.ปทุมธานี เขต 2","school_size",30.327229738424904,21.426062704413514
"สพป.ประจวบคีรีขันธ์ เขต 1","Infrastructure & Connectivity",16.763905779603636,7.126039837424278
"สพป.ประจวบคีรีขันธ์ เขต 1","Poor Family",20.318024446410682,7.126039837424278
"สพป.ประจวบคีรีขันธ์ เขต 1","School Distance",16.21390327605662,7.126039837424278
"สพป.ประจวบคีรีขันธ์ เขต 1","Student Level",11.707654895272594,7.126039837424278
"สพป.ประจวบคีรีขันธ์ เขต 1","school_size",34.996511602656454,7.126039837424278
"สพป.ประจวบคีรีขันธ์ เขต 2","Infrastructure & Connectivity",4.232564636284039,9.503418047873966
"สพป.ประจวบคีรีขันธ์ เขต 2","Poor Family",26.10816968431197,9.503418047873966
"สพป.ประจวบคีรีขันธ์ เขต 2","School Distance",21.84199767122288,9.503418047873966
"สพป.ประจวบคีรีขันธ์ เขต 2","Student Level",11.319125349517984,9.503418047873966
"สพป.ประจวบคีรีขันธ์ เขต 2","school_size",36.49814265866313,9.503418047873966
"สพป.ปราจีนบุรี เขต 1","Infrastructure & Connectivity",34.52639143715892,9.883545656755896
"สพป.ปราจีนบุรี เขต 1","Poor Family",15.442810522179341,9.883545656755896
"สพป.ปราจีนบุรี เขต 1","School Distance",19.44124163211364,9.883545656755896
"สพป.ปราจีนบุรี เขต 1","Student Level",6.466915122973456,9.883545656755896
"สพป.ปราจีนบุรี เขต 1","school_size",24.122641285574627,9.883545656755896
"สพป.ปราจีนบุรี เขต 2","Infrastructure & Connectivity",5.391378760839394,3.7877312742647704
"สพป.ปราจีนบุรี เขต 2","Poor Family",55.013169017962916,3.7877312742647704
"สพป.ปราจีนบุรี เขต 2","School Distance",2.982195029562104,3.7877312742647704
"สพป.ปราจีนบุรี เขต 2","Student Level",20.772742633350745,3.7877312742647704
"สพป.ปราจีนบุรี เขต 2","school_size",15.840514558284836,3.7877312742647704
"สพป.ปัตตานี เขต 1","Poor Family",63.23907615937573,5.853394194603711
"สพป.ปัตตานี เขต 1","School Distance",13.323209024144507,5.853394194603711
"สพป.ปัตตานี เขต 1","Student Level",14.94957304066322,5.853394194603711
"สพป.ปัตตานี เขต 1","school_size",8.488141775816542,5.853394194603711
"สพป.ปัตตานี เขต 2","Infrastructure & Connectivity",24.28309690563401,7.819799590134995
"สพป.ปัตตานี เขต 2","Poor Family",9.783680371531183,7.819799590134995
"สพป.ปัตตานี เขต 2","School Distance",6.53688355139828,7.819799590134995
"สพป.ปัตตานี เขต 2","Student Level",5.596301605395155,7.819799590134995
"สพป.ปัตตานี เขต 2","school_size",53.80003756604138,7.819799590134995
"สพป.ปัตตานี เขต 3","Infrastructure & Connectivity",20.69995306899972,20.208508351739763
"สพป.ปัตตานี เขต 3","Poor Family",47.65258715495968,20.208508351739763
"สพป.ปัตตานี เขต 3","School Distance",8.56199559762905,20.208508351739763
"สพป.ปัตตานี เขต 3","Student Level",8.78277799403458,20.208508351739763
"สพป.ปัตตานี เขต 3","school_size",14.302686184376963,20.208508351739763
"สพป.พระนครศรีอยุธยา เขต 1","Infrastructure & Connectivity",9.135412467741233,12.07981525524618
"สพป.พระนครศรีอยุธยา เขต 1","Poor Family",18.77850561789459,12.07981525524618
"สพป.พระนครศรีอยุธยา เขต 1","School Distance",31.12384414034707,12.07981525524618
"สพป.พระนครศรีอยุธยา เขต 1","Student Level",21.795510691932705,12.07981525524618
"สพป.พระนครศรีอยุธยา เขต 1","school_size",19.1667270820844,12.07981525524618
"สพป.พระนครศรีอยุธยา เขต 2","Infrastructure & Connectivity",4.194591634247118,2.3148600076581505
"สพป.พระนครศรีอยุธยา เขต 2","Poor Family",24.73445519793565,2.3148600076581505
"สพป.พระนครศรีอยุธยา เขต 2","School Distance",19.53417420111998,2.3148600076581505
"สพป.พระนครศรีอยุธยา เขต 2","Student Level",31.15053073767256,2.3148600076581505
"สพป.พระนครศรีอยุธยา เขต 2","school_size",20.38624822902469,2.3148600076581505
"สพป.พะเยา เขต 1","Infrastructure & Connectivity",19.66359487309606,20.018561313145366
"สพป.พะเยา เขต 1","Poor Family",40.07470215002108,20.018561313145366
"สพป.พะเยา เขต 1","School Distance",13.343283515131954,20.018561313145366
"สพป.พะเยา เขต 1","Student Level",3.2173000272879806,20.018561313145366
"สพป.พะเยา เขต 1","school_size",23.701119434462925,20.018561313145366
"สพป.พะเยา เขต 2","Hard to Reach",19.572414205883742,13.131203851376542
"สพป.พะเยา เขต 2","Infrastructure & Connectivity",8.416604722860864,13.131203851376542
"สพป.พะเยา เขต 2","Poor Family",11.812108530287661,13.131203851376542
"สพป.พะเยา เขต 2","School Distance",4.303594060062398,13.131203851376542
"สพป.พะเยา เขต 2","Student Level",14.755200037350074,13.131203851376542
"สพป.พะเยา เขต 2","school_size",41.14007844355526,13.131203851376542
"สพป.พังงา","Hard to Reach",33.77312198386582,9.823430840043441
"สพป.พังงา","Infrastructure & Connectivity",6.576280880892497,9.823430840043441
"สพป.พังงา","Poor Family",3.3772640127770193,9.823430840043441
"สพป.พังงา","School Distance",21.88114431077278,9.823430840043441
"สพป.พังงา","Student Level",1.8880621945815017,9.823430840043441
"สพป.พังงา","school_size",32.50412661711039,9.823430840043441
"สพป.พัทลุง เขต 1","Poor Family",27.099381390415605,31.750574853557662
"สพป.พัทลุง เขต 1","School Distance",6.2148917716288,31.750574853557662
"สพป.พัทลุง เขต 1","Student Level",51.629262391948366,31.750574853557662
"สพป.พัทลุง เขต 1","school_size",15.056464446007226,31.750574853557662
"สพป.พัทลุง เขต 2","Infrastructure & Connectivity",8.55163704020908,7.189730710428931
"สพป.พัทลุง เขต 2","Poor Family",28.293489971412484,7.189730710428931
"สพป.พัทลุง เขต 2","School Distance",10.475635679067235,7.189730710428931
"สพป.พัทลุง เขต 2","Student Level",45.2142785695019,7.189730710428931
"สพป.พัทลุง เขต 2","school_size",7.464958739809309,7.189730710428931
"สพป.พิจิตร เขต 1","Infrastructure & Connectivity",30.45848726547543,4.387224088919909
"สพป.พิจิตร เขต 1","Poor Family",0.9641146008782718,4.387224088919909
"สพป.พิจิตร เขต 1","School Distance",15.959379825851777,4.387224088919909
"สพป.พิจิตร เขต 1","Student Level",1.068334789125151,4.387224088919909
"สพป.พิจิตร เขต 1","school_size",51.54968351866938,4.387224088919909
"สพป.พิจิตร เขต 2","Infrastructure & Connectivity",31.96717078015053,3.114751368644851
"สพป.พิจิตร เขต 2","Poor Family",0.15921726922066737,3.114751368644851
"สพป.พิจิตร เขต 2","School Distance",8.997973401022175,3.114751368644851
"สพป.พิจิตร เขต 2","Student Level",39.257122202470356,3.114751368644851
"สพป.พิจิตร เขต 2","school_size",19.618516347136264,3.114751368644851
"สพป.พิษณุโลก เขต 1","Infrastructure & Connectivity",8.535576807037756,18.255861697012644
"สพป.พิษณุโลก เขต 1","Poor Family",1.058654969517505,18.255861697012644
"สพป.พิษณุโลก เขต 1","School Distance",55.77146623081714,18.255861697012644
"สพป.พิษณุโลก เขต 1","Student Level",11.056369202314013,18.255861697012644
"สพป.พิษณุโลก เขต 1","school_size",23.577932790313582,18.255861697012644
"สพป.พิษณุโลก เขต 2","Infrastructure & Connectivity",15.910809400349635,2.07714496719401
"สพป.พิษณุโลก เขต 2","Poor Family",19.377462847977213,2.07714496719401
"สพป.พิษณุโลก เขต 2","School Distance",42.70466512248038,2.07714496719401
"สพป.พิษณุโลก เขต 2","Student Level",8.802057199358662,2.07714496719401
"สพป.พิษณุโลก เขต 2","school_size",13.205005429834111,2.07714496719401
"สพป.พิษณุโลก เขต 3","Hard to Reach",6.481721679818422,11.334570855447588
"สพป.พิษณุโลก เขต 3","Infrastructure & Connectivity",26.658220746271574,11.334570855447588
"สพป.พิษณุโลก เขต 3","Poor Family",15.533146611138125,11.334570855447588
"สพป.พิษณุโลก เขต 3","School Distance",34.737329638109905,11.334570855447588
"สพป.พิษณุโลก เขต 3","Student Level",12.397521034387253,11.334570855447588
"สพป.พิษณุโลก เขต 3","school_size",4.192060290274711,11.334570855447588
"สพป.ภูเก็ต","Infrastructure & Connectivity",34.66694312811295,9.526790336791292
"สพป.ภูเก็ต","School Distance",19.080397635421253,9.526790336791292
"สพป.ภูเก็ต","Student Level",16.554582689790113,9.526790336791292
"สพป.ภูเก็ต","school_size",29.698076546675694,9.526790336791292
"สพป.มหาสารคาม เขต 1","Infrastructure & Connectivity",5.807467619668145,4.454889053028746
"สพป.มหาสารคาม เขต 1","Poor Family",15.915840147246838,4.454889053028746
"สพป.มหาสารคาม เขต 1","School Distance",19.796450442869435,4.454889053028746
"สพป.มหาสารคาม เขต 1","Student Level",7.333910934582383,4.454889053028746
"สพป.มหาสารคาม เขต 1","school_size",51.14633085563322,4.454889053028746
"สพป.มหาสารคาม เขต 2","Infrastructure & Connectivity",21.907636433025,4.7058152070288335
"สพป.มหาสารคาม เขต 2","Poor Family",9.702556757374571,4.7058152070288335
"สพป.มหาสารคาม เขต 2","School Distance",37.485512144989194,4.7058152070288335
"สพป.มหาสารคาม เขต 2","Student Level",16.92871710154765,4.7058152070288335
"สพป.มหาสารคาม เขต 2","school_size",13.975577563063585,4.7058152070288335
"สพป.มหาสารคาม เขต 3","Infrastructure & Connectivity",14.63299158074967,7.112611066698227
"สพป.มหาสารคาม เขต 3","Poor Family",20.892503787196933,7.112611066698227
"สพป.มหาสารคาม เขต 3","School Distance",35.23322800638271,7.112611066698227
"สพป.มหาสารคาม เขต 3","Student Level",15.44920204150231,7.112611066698227
"สพป.มหาสารคาม เขต 3","school_size",13.792074584168372,7.112611066698227
"สพป.มุกดาหาร","Infrastructure & Connectivity",5.7408376879996785,9.092023163803592
"สพป.มุกดาหาร","Poor Family",19.173984942265598,9.092023163803592
"สพป.มุกดาหาร","School Distance",42.284763510376166,9.092023163803592
"สพป.มุกดาหาร","Student Level",15.677650040272328,9.092023163803592
"สพป.มุกดาหาร","school_size",17.122763819086245,9.092023163803592
"สพป.ยะลา เขต 1","Infrastructure & Connectivity",11.776525851659212,16.434638177273783
"สพป.ยะลา เขต 1","Poor Family",14.39073436407489,16.434638177273783
"สพป.ยะลา เขต 1","School Distance",4.087197358775149,16.434638177273783
"สพป.ยะลา เขต 1","Student Level",20.822541018942484,16.434638177273783
"สพป.ยะลา เขต 1","school_size",48.92300140654827,16.434638177273783
"สพป.ยะลา เขต 2","Infrastructure & Connectivity",8.383341487695583,3.455880512796196
"สพป.ยะลา เขต 2","Poor Family",3.018579889691116,3.455880512796196
"สพป.ยะลา เขต 2","School Distance",24.392507220248547,3.455880512796196
"สพป.ยะลา เขต 2","Student Level",44.61098445893686,3.455880512796196
"สพป.ยะลา เขต 2","school_size",19.594586943427895,3.455880512796196
"สพป.ยะลา เขต 3","Infrastructure & Connectivity",32.29873777763773,12.530015465866978
"สพป.ยะลา เขต 3","Poor Family",8.986316585678063,12.530015465866978
"สพป.ยะลา เขต 3","School Distance",23.52031781781651,12.530015465866978
"สพป.ยะลา เขต 3","Student Level",29.776536837260352,12.530015465866978
"สพป.ยะลา เขต 3","school_size",5.418090981607352,12.530015465866978
"สพป.ยโสธร เขต 1","Infrastructure & Connectivity",12.307563422090047,9.022130769547312
"สพป.ยโสธร เขต 1","Poor Family",29.485080382594056,9.022130769547312
"สพป.ยโสธร เขต 1","School Distance",15.832040363769112,9.022130769547312
"สพป.ยโสธร เขต 1","Student Level",12.903889153317495,9.022130769547312
"สพป.ยโสธร เขต 1","school_size",29.471426678229285,9.022130769547312
"สพป.ยโสธร เขต 2","Infrastructure & Connectivity",19.94406567141879,5.797189035085891
"สพป.ยโสธร เขต 2","Poor Family",38.299429572468405,5.797189035085891
"สพป.ยโสธร เขต 2","School Distance",13.949873241140716,5.797189035085891
"สพป.ยโสธร เขต 2","Student Level",9.715244901587317,5.797189035085891
"สพป.ยโสธร เขต 2","school_size",18.091386613384774,5.797189035085891
"สพป.ระนอง","Hard to Reach",27.015454308920297,37.19005388044074
"สพป.ระนอง","Infrastructure & Connectivity",0.23194914452549795,37.19005388044074
"สพป.ระนอง","Poor Family",4.4675582811968075,37.19005388044074
"สพป.ระนอง","School Distance",24.022518756314092,37.19005388044074
"สพป.ระนอง","Student Level",7.0519384099245075,37.19005388044074
"สพป.ระนอง","school_size",37.210581099118805,37.19005388044074
"สพป.ระยอง เขต 1","Infrastructure & Connectivity",15.15773872799927,10.741583386179475
"สพป.ระยอง เขต 1","Poor Family",20.121374701408357,10.741583386179475
"สพป.ระยอง เขต 1","School Distance",18.17226846237758,10.741583386179475
"สพป.ระยอง เขต 1","Student Level",27.719574357395526,10.741583386179475
"สพป.ระยอง เขต 1","school_size",18.829043750819277,10.741583386179475
"สพป.ระยอง เขต 2","Infrastructure & Connectivity",21.908029942608376,16.618526445639368
"สพป.ระยอง เขต 2","Poor Family",9.16751823063996,16.618526445639368
"สพป.ระยอง เขต 2","School Distance",19.168278695730777,16.618526445639368
"สพป.ระยอง เขต 2","Student Level",25.834824452258836,16.618526445639368
"สพป.ระยอง เขต 2","school_size",23.921348678762044,16.618526445639368
"สพป.ราชบุรี เขต 1","Infrastructure & Connectivity",16.880517613994108,7.1342193159679725
"สพป.ราชบุรี เขต 1","Poor Family",1.1372826940104643,7.1342193159679725
"สพป.ราชบุรี เขต 1","School Distance",39.69788827995152,7.1342193159679725
"สพป.ราชบุรี เขต 1","Student Level",20.429532208761934,7.1342193159679725
"สพป.ราชบุรี เขต 1","school_size",21.85477920328197,7.1342193159679725
"สพป.ราชบุรี เขต 2","Infrastructure & Connectivity",14.6386827959118,4.843596415704102
"สพป.ราชบุรี เขต 2","Poor Family",31.07205188954217,4.843596415704102
"สพป.ราชบุรี เขต 2","School Distance",9.735723583564578,4.843596415704102
"สพป.ราชบุรี เขต 2","Student Level",17.454958532934654,4.843596415704102
"สพป.ราชบุรี เขต 2","school_size",27.09858319804679,4.843596415704102
"สพป.ร้อยเอ็ด เขต 1","Infrastructure & Connectivity",13.841537845682698,4.112718223890816
"สพป.ร้อยเอ็ด เขต 1","Poor Family",13.94203909746364,4.112718223890816
"สพป.ร้อยเอ็ด เขต 1","School Distance",14.447663601875075,4.112718223890816
"สพป.ร้อยเอ็ด เขต 1","Student Level",37.19484906024113,4.112718223890816
"สพป.ร้อยเอ็ด เขต 1","school_size",20.573910394737442,4.112718223890816
"สพป.ร้อยเอ็ด เขต 2","Infrastructure & Connectivity",10.83295467562876,2.8459992324242984
"สพป.ร้อยเอ็ด เขต 2","Poor Family",3.356385112372952,2.8459992324242984
"สพป.ร้อยเอ็ด เขต 2","School Distance",62.602914500025186,2.8459992324242984
"สพป.ร้อยเอ็ด เขต 2","Student Level",19.58052146608765,2.8459992324242984
"สพป.ร้อยเอ็ด เขต 2","school_size",3.6272242458854556,2.8459992324242984
"สพป.ร้อยเอ็ด เขต 3","Infrastructure & Connectivity",40.1499015929199,5.469147645421014
"สพป.ร้อยเอ็ด เขต 3","Poor Family",42.19621979559435,5.469147645421014
"สพป.ร้อยเอ็ด เขต 3","School Distance",0.8507223610128187,5.469147645421014
"สพป.ร้อยเอ็ด เขต 3","Student Level",6.483872211481122,5.469147645421014
"สพป.ร้อยเอ็ด เขต 3","school_size",10.319284038991793,5.469147645421014
"สพป.ลพบุรี เขต 1","Infrastructure & Connectivity",3.238928959616532,11.704943869313276
"สพป.ลพบุรี เขต 1","Poor Family",21.441930499370667,11.704943869313276
"สพป.ลพบุรี เขต 1","School Distance",33.37607249488236,11.704943869313276
"สพป.ลพบุรี เขต 1","Student Level",11.49555853534517,11.704943869313276
"สพป.ลพบุรี เขต 1","school_size",30.447509510785274,11.704943869313276
"สพป.ลพบุรี เขต 2","Infrastructure & Connectivity",65.0452712525926,8.961102297516522
"สพป.ลพบุรี เขต 2","Poor Family",9.119964058217578,8.961102297516522
"สพป.ลพบุรี เขต 2","School Distance",1.1937844294741176,8.961102297516522
"สพป.ลพบุรี เขต 2","Student Level",6.693179319655881,8.961102297516522
"สพป.ลพบุรี เขต 2","school_size",17.947800940059842,8.961102297516522
"สพป.ลำปาง เขต 1","Hard to Reach",33.868908040761404,12.121359168563414
"สพป.ลำปาง เขต 1","Infrastructure & Connectivity",4.604941607239357,12.121359168563414
"สพป.ลำปาง เขต 1","Poor Family",20.09418457135478,12.121359168563414
"สพป.ลำปาง เขต 1","School Distance",5.231933874750865,12.121359168563414
"สพป.ลำปาง เขต 1","Student Level",17.506612905583918,12.121359168563414
"สพป.ลำปาง เขต 1","school_size",16.799559552419467,12.121359168563414
"สพป.ลำปาง เขต 2","Poor Family",14.680245977936645,2.7909337342271883
"สพป.ลำปาง เขต 2","School Distance",16.636320702650874,2.7909337342271883
"สพป.ลำปาง เขต 2","Student Level",29.813866193648636,2.7909337342271883
"สพป.ลำปาง เขต 2","school_size",38.869567125763844,2.7909337342271883
"สพป.ลำปาง เขต 3","Hard to Reach",11.71207180805976,22.679128060605027
"สพป.ลำปาง เขต 3","Poor Family",7.864450103949797,22.679128060605027
"สพป.ลำปาง เขต 3","School Distance",75.77064010399093,22.679128060605027
"สพป.ลำปาง เขต 3","Student Level",4.652837983999514,22.679128060605027
"สพป.ลำพูน เขต 1","Infrastructure & Connectivity",16.699526180848732,8.16934492643105
"สพป.ลำพูน เขต 1","Poor Family",18.884680541064373,8.16934492643105
"สพป.ลำพูน เขต 1","School Distance",22.262436768763635,8.16934492643105
"สพป.ลำพูน เขต 1","Student Level",26.924286840329955,8.16934492643105
"สพป.ลำพูน เขต 1","school_size",15.229069668993299,8.16934492643105
"สพป.ลำพูน เขต 2","Hard to Reach",17.385782190073506,12.081492075344213
"สพป.ลำพูน เขต 2","Infrastructure & Connectivity",10.403613997250925,12.081492075344213
"สพป.ลำพูน เขต 2","Poor Family",21.76688294655336,12.081492075344213
"สพป.ลำพูน เขต 2","School Distance",19.00255312191445,12.081492075344213
"สพป.ลำพูน เขต 2","Student Level",8.024675011691713,12.081492075344213
"สพป.ลำพูน เขต 2","school_size",23.41649273251606,12.081492075344213
"สพป.ศรีสะเกษ เขต 2","Infrastructure & Connectivity",41.02027832566275,9.35364854299963
"สพป.ศรีสะเกษ เขต 2","Poor Family",24.989544247972173,9.35364854299963
"สพป.ศรีสะเกษ เขต 2","School Distance",10.283072811137085,9.35364854299963
"สพป.ศรีสะเกษ เขต 2","Student Level",15.887770397293082,9.35364854299963
"สพป.ศรีสะเกษ เขต 2","school_size",7.819334217934897,9.35364854299963
"สพป.ศรีสะเกษ เขต 3","Infrastructure & Connectivity",0.6125088489238997,8.674510960376198
"สพป.ศรีสะเกษ เขต 3","Poor Family",29.52058589560747,8.674510960376198
"สพป.ศรีสะเกษ เขต 3","School Distance",36.1497018371909,8.674510960376198
"สพป.ศรีสะเกษ เขต 3","Student Level",28.310537750621076,8.674510960376198
"สพป.ศรีสะเกษ เขต 3","school_size",5.4066656676566645,8.674510960376198
"สพป.ศรีสะเกษ เขต 4","Infrastructure & Connectivity",3.3686580019792354,10.164647619739585
"สพป.ศรีสะเกษ เขต 4","Poor Family",17.172991068120385,10.164647619739585
"สพป.ศรีสะเกษ เขต 4","School Distance",38.54075311106438,10.164647619739585
"สพป.ศรีสะเกษ เขต 4","Student Level",14.45782934970363,10.164647619739585
"สพป.ศรีสะเกษ เขต 4","school_size",26.45976846913236,10.164647619739585
"สพป.สกลนคร เขต 1","Infrastructure & Connectivity",10.079747722936814,7.247595950459861
"สพป.สกลนคร เขต 1","Poor Family",8.464601877541908,7.247595950459861
"สพป.สกลนคร เขต 1","School Distance",37.11685503281323,7.247595950459861
"สพป.สกลนคร เขต 1","Student Level",5.852024025878375,7.247595950459861
"สพป.สกลนคร เขต 1","school_size",38.486771340829684,7.247595950459861
"สพป.สกลนคร เขต 2","Infrastructure & Connectivity",51.027354202767214,3.1188274845532353
"สพป.สกลนคร เขต 2","Poor Family",18.177215993829932,3.1188274845532353
"สพป.สกลนคร เขต 2","School Distance",12.248530103456664,3.1188274845532353
"สพป.สกลนคร เขต 2","Student Level",16.718220680272598,3.1188274845532353
"สพป.สกลนคร เขต 2","school_size",1.8286790196735936,3.1188274845532353
"สพป.สกลนคร เขต 3","Infrastructure & Connectivity",33.869247703910254,8.613250057179037
"สพป.สกลนคร เขต 3","Poor Family",9.990120623774018,8.613250057179037
"สพป.สกลนคร เขต 3","School Distance",28.817707331364048,8.613250057179037
"สพป.สกลนคร เขต 3","Student Level",9.072034588270446,8.613250057179037
"สพป.สกลนคร เขต 3","school_size",18.25088975268123,8.613250057179037
"สพป.สงขลา เขต 1","Infrastructure & Connectivity",11.132167796864893,23.22708651649079
"สพป.สงขลา เขต 1","Poor Family",1.9337447787446969,23.22708651649079
"สพป.สงขลา เขต 1","School Distance",10.485272284414242,23.22708651649079
"สพป.สงขลา เขต 1","Student Level",26.998819422789786,23.22708651649079
"สพป.สงขลา เขต 1","school_size",49.4499957171864,23.22708651649079
"สพป.สงขลา เขต 2","Infrastructure & Connectivity",6.697956334004596,12.006893649795176
"สพป.สงขลา เขต 2","Poor Family",6.989235864281752,12.006893649795176
"สพป.สงขลา เขต 2","School Distance",0.2859708297193535,12.006893649795176
"สพป.สงขลา เขต 2","Student Level",68.81997430728036,12.006893649795176
"สพป.สงขลา เขต 2","school_size",17.206862664713942,12.006893649795176
"สพป.สงขลา เขต 3","Poor Family",25.190599331854802,1.8172082064524075
"สพป.สงขลา เขต 3","School Distance",15.682511809465147,1.8172082064524075
"สพป.สงขลา เขต 3","Student Level",41.38194657182595,1.8172082064524075
"สพป.สงขลา เขต 3","school_size",17.744942286854105,1.8172082064524075
"สพป.สตูล","Hard to Reach",7.611247390163264,16.920340097087287
"สพป.สตูล","Poor Family",1.042767049017942,16.920340097087287
"สพป.สตูล","School Distance",33.81273331122155,16.920340097087287
"สพป.สตูล","Student Level",24.088435540164102,16.920340097087287
"สพป.สตูล","school_size",33.44481670943315,16.920340097087287
"สพป.สมุทรปราการ เขต 1","Infrastructure & Connectivity",11.949892805435194,7.392509509045529
"สพป.สมุทรปราการ เขต 1","Poor Family",14.553768850513961,7.392509509045529
"สพป.สมุทรปราการ เขต 1","School Distance",26.602379612254246,7.392509509045529
"สพป.สมุทรปราการ เขต 1","Student Level",36.08129149163273,7.392509509045529
"สพป.สมุทรปราการ เขต 1","school_size",10.812667240163861,7.392509509045529
"สพป.สมุทรปราการ เขต 2","Infrastructure & Connectivity",17.634113751037926,21.614809167307467
"สพป.สมุทรปราการ เขต 2","School Distance",3.9186851900502515,21.614809167307467
"สพป.สมุทรปราการ เขต 2","Student Level",49.11802933445126,21.614809167307467
"สพป.สมุทรปราการ เขต 2","school_size",29.329171724460572,21.614809167307467
"สพป.สมุทรสงคราม","Infrastructure & Connectivity",0.482860701733769,66.61106548611122
"สพป.สมุทรสงคราม","Poor Family",54.28026834304694,66.61106548611122
"สพป.สมุทรสงคราม","School Distance",13.53585527680654,66.61106548611122
"สพป.สมุทรสงคราม","Student Level",4.24705302270557,66.61106548611122
"สพป.สมุทรสงคราม","school_size",27.453962655707187,66.61106548611122
"สพป.สมุทรสาคร","Infrastructure & Connectivity",12.346268751691795,14.605640219154143
"สพป.สมุทรสาคร","School Distance",15.601378645402141,14.605640219154143
"สพป.สมุทรสาคร","Student Level",33.10508635324571,14.605640219154143
"สพป.สมุทรสาคร","school_size",38.94726624966036,14.605640219154143
"สพป.สระบุรี เขต 1","Infrastructure & Connectivity",30.435851430522252,4.50359043543813
"สพป.สระบุรี เขต 1","Poor Family",21.97289605192216,4.50359043543813
"สพป.สระบุรี เขต 1","School Distance",1.7966551489012925,4.50359043543813
"สพป.สระบุรี เขต 1","Student Level",5.770747896675009,4.50359043543813
"สพป.สระบุรี เขต 1","school_size",40.02384947197928,4.50359043543813
"สพป.สระบุรี เขต 2","Infrastructure & Connectivity",32.60157340855695,7.406384778649319
"สพป.สระบุรี เขต 2","Poor Family",5.058852277132975,7.406384778649319
"สพป.สระบุรี เขต 2","School Distance",13.380004302038067,7.406384778649319
"สพป.สระบุรี เขต 2","Student Level",23.598414680363426,7.406384778649319
"สพป.สระบุรี เขต 2","school_size",25.361155331908577,7.406384778649319
"สพป.สระแก้ว เขต 1","Infrastructure & Connectivity",3.2471415683518035,5.583868565782503
"สพป.สระแก้ว เขต 1","Poor Family",6.058892241412619,5.583868565782503
"สพป.สระแก้ว เขต 1","School Distance",51.4771302763543,5.583868565782503
"สพป.สระแก้ว เขต 1","Student Level",37.07963813629925,5.583868565782503
"สพป.สระแก้ว เขต 1","school_size",2.1371977775820215,5.583868565782503
"สพป.สระแก้ว เขต 2","Infrastructure & Connectivity",30.584273491562946,13.408839026660935
"สพป.สระแก้ว เขต 2","Poor Family",14.222565996989049,13.408839026660935
"สพป.สระแก้ว เขต 2","School Distance",1.9180688411730173,13.408839026660935
"สพป.สระแก้ว เขต 2","Student Level",21.605581280916137,13.408839026660935
"สพป.สระแก้ว เขต 2","school_size",31.669510389358848,13.408839026660935
"สพป.สิงห์บุรี","Infrastructure & Connectivity",17.950024507054373,4.376350119721155
"สพป.สิงห์บุรี","Poor Family",15.232764832347375,4.376350119721155
"สพป.สิงห์บุรี","School Distance",29.15881500149637,4.376350119721155
"สพป.สิงห์บุรี","Student Level",4.6051303344341346,4.376350119721155
"สพป.สิงห์บุรี","school_size",33.05326532466774,4.376350119721155
"สพป.สุพรรณบุรี เขต 1","Infrastructure & Connectivity",34.235654880172405,9.35816554021386
"สพป.สุพรรณบุรี เขต 1","Poor Family",9.067297322101856,9.35816554021386
"สพป.สุพรรณบุรี เขต 1","School Distance",32.987052931465,9.35816554021386
"สพป.สุพรรณบุรี เขต 1","Student Level",16.641977858398718,9.35816554021386
"สพป.สุพรรณบุรี เขต 1","school_size",7.068017007862024,9.35816554021386
"สพป.สุพรรณบุรี เขต 2","Infrastructure & Connectivity",9.226315538801169,3.8105892139414945
"สพป.สุพรรณบุรี เขต 2","Poor Family",27.80350682929829,3.8105892139414945
"สพป.สุพรรณบุรี เขต 2","School Distance",15.100645267370156,3.8105892139414945
"สพป.สุพรรณบุรี เขต 2","Student Level",22.940022932915717,3.8105892139414945
"สพป.สุพรรณบุรี เขต 2","school_size",24.929509431614665,3.8105892139414945
"สพป.สุพรรณบุรี เขต 3","Infrastructure & Connectivity",18.97168276127181,26.17790208282344
"สพป.สุพรรณบุรี เขต 3","Poor Family",22.328176988633547,26.17790208282344
"สพป.สุพรรณบุรี เขต 3","School Distance",37.811389887586834,26.17790208282344
"สพป.สุพรรณบุรี เขต 3","Student Level",17.658326895664825,26.17790208282344
"สพป.สุพรรณบุรี เขต 3","school_size",3.230423466842984,26.17790208282344
"สพป.สุราษฎร์ธานี เขต 1","Hard to Reach",37.82408023292334,24.618831616777808
"สพป.สุราษฎร์ธานี เขต 1","Infrastructure & Connectivity",4.725547952800564,24.618831616777808
"สพป.สุราษฎร์ธานี เขต 1","Poor Family",14.166155514345064,24.618831616777808
"สพป.สุราษฎร์ธานี เขต 1","School Distance",7.17677477128347,24.618831616777808
"สพป.สุราษฎร์ธานี เขต 1","Student Level",2.386402351923756,24.618831616777808
"สพป.สุราษฎร์ธานี เขต 1","school_size",5.1275387359028946,24.618831616777808
"สพป.สุราษฎร์ธานี เขต 2","Infrastructure & Connectivity",6.9962908026445785,7.9759727726110725
"สพป.สุราษฎร์ธานี เขต 2","Poor Family",8.050659719594648,7.9759727726110725
"สพป.สุราษฎร์ธานี เขต 2","School Distance",31.506044762568823,7.9759727726110725
"สพป.สุราษฎร์ธานี เขต 2","Student Level",32.57546968610506,7.9759727726110725
"สพป.สุราษฎร์ธานี เขต 2","school_size",20.871535029086886,7.9759727726110725
"สพป.สุราษฎร์ธานี เขต 3","Infrastructure & Connectivity",13.43792068629574,4.611150908462264
"สพป.สุราษฎร์ธานี เขต 3","Poor Family",2.838756473711645,4.611150908462264
"สพป.สุราษฎร์ธานี เขต 3","School Distance",2.30242477973533,4.611150908462264
"สพป.สุราษฎร์ธานี เขต 3","Student Level",52.53794946429504,4.611150908462264
"สพป.สุราษฎร์ธานี เขต 3","school_size",28.88294859596226,4.611150908462264
"สพป.สุรินทร์ เขต 1","Infrastructure & Connectivity",6.362907448440564,9.888710947655534
"สพป.สุรินทร์ เขต 1","Poor Family",10.231160870675962,9.888710947655534
"สพป.สุรินทร์ เขต 1","School Distance",22.834277283682415,9.888710947655534
"สพป.สุรินทร์ เขต 1","Student Level",27.892287702476935,9.888710947655534
"สพป.สุรินทร์ เขต 1","school_size",32.67936669472413,9.888710947655534
"สพป.สุรินทร์ เขต 2","Infrastructure & Connectivity",2.410789279707777,10.715102933002619
"สพป.สุรินทร์ เขต 2","Poor Family",13.57619162829727,10.715102933002619
"สพป.สุรินทร์ เขต 2","School Distance",42.19889288984073,10.715102933002619
"สพป.สุรินทร์ เขต 2","Student Level",32.803889534252704,10.715102933002619
"สพป.สุรินทร์ เขต 2","school_size",9.010236667901523,10.715102933002619
"สพป.สุรินทร์ เขต 3","Infrastructure & Connectivity",9.092224834087027,10.400678320404042
"สพป.สุรินทร์ เขต 3","Poor Family",6.921793642336508,10.400678320404042
"สพป.สุรินทร์ เขต 3","School Distance",2.1080151574970096,10.400678320404042
"สพป.สุรินทร์ เขต 3","Student Level",23.984900225769838,10.400678320404042
"สพป.สุรินทร์ เขต 3","school_size",57.89306614030963,10.400678320404042
"สพป.สุโขทัย เขต 1","Infrastructure & Connectivity",9.968622728733708,6.041549527401315
"สพป.สุโขทัย เขต 1","Poor Family",1.833357558121475,6.041549527401315
"สพป.สุโขทัย เขต 1","School Distance",21.32483680239254,6.041549527401315
"สพป.สุโขทัย เขต 1","Student Level",20.271354650920117,6.041549527401315
"สพป.สุโขทัย เขต 1","school_size",46.60182825983217,6.041549527401315
"สพป.สุโขทัย เขต 2","Infrastructure & Connectivity",17.341849006640018,7.563027006710558
"สพป.สุโขทัย เขต 2","Poor Family",17.173489027020636,7.563027006710558
"สพป.สุโขทัย เขต 2","School Distance",13.029831825309815,7.563027006710558
"สพป.สุโขทัย เขต 2","Student Level",19.957230939755693,7.563027006710558
"สพป.สุโขทัย เขต 2","school_size",32.49759920127386,7.563027006710558
"สพป.หนองคาย เขต 1","Infrastructure & Connectivity",49.94388928016602,9.110373311018499
"สพป.หนองคาย เขต 1","Poor Family",23.657700309282493,9.110373311018499
"สพป.หนองคาย เขต 1","School Distance",7.899230284715502,9.110373311018499
"สพป.หนองคาย เขต 1","Student Level",12.16249765222817,9.110373311018499
"สพป.หนองคาย เขต 1","school_size",6.3366824736078184,9.110373311018499
"สพป.หนองคาย เขต 2","Infrastructure & Connectivity",18.685554349249752,11.15014634744041
"สพป.หนองคาย เขต 2","Poor Family",4.13044219391017,11.15014634744041
"สพป.หนองคาย เขต 2","School Distance",58.0806524636774,11.15014634744041
"สพป.หนองคาย เขต 2","Student Level",4.009868000811859,11.15014634744041
"สพป.หนองคาย เขต 2","school_size",15.093482992350806,11.15014634744041
"สพป.หนองบัวลำภู เขต 1","Infrastructure & Connectivity",26.712466142412385,5.467828363853434
"สพป.หนองบัวลำภู เขต 1","Poor Family",5.9342018616989005,5.467828363853434
"สพป.หนองบัวลำภู เขต 1","School Distance",19.107946754130914,5.467828363853434
"สพป.หนองบัวลำภู เขต 1","Student Level",9.479055962004717,5.467828363853434
"สพป.หนองบัวลำภู เขต 1","school_size",38.76632927975309,5.467828363853434
"สพป.หนองบัวลำภู เขต 2","Infrastructure & Connectivity",31.694008173067,11.149372364290581
"สพป.หนองบัวลำภู เขต 2","Poor Family",24.305244010281275,11.149372364290581
"สพป.หนองบัวลำภู เขต 2","School Distance",13.058626791829221,11.149372364290581
"สพป.หนองบัวลำภู เขต 2","Student Level",15.64133673099585,11.149372364290581
"สพป.หนองบัวลำภู เขต 2","school_size",15.300784293826645,11.149372364290581
"สพป.อำนาจเจริญ","Infrastructure & Connectivity",11.954467156037186,6.568786171420045
"สพป.อำนาจเจริญ","Poor Family",17.637926479646165,6.568786171420045
"สพป.อำนาจเจริญ","School Distance",9.773400932358411,6.568786171420045
"สพป.อำนาจเจริญ","Student Level",19.243563850805657,6.568786171420045
"สพป.อำนาจเจริญ","school_size",41.390641581152586,6.568786171420045
"สพป.อุดรธานี เขต 1","Infrastructure & Connectivity",0.03535681571704819,2.884983507047937
"สพป.อุดรธานี เขต 1","Poor Family",24.288882391757284,2.884983507047937
"สพป.อุดรธานี เขต 1","School Distance",9.65979788499142,2.884983507047937
"สพป.อุดรธานี เขต 1","Student Level",14.548300835253732,2.884983507047937
"สพป.อุดรธานี เขต 1","school_size",51.46766207228052,2.884983507047937
"สพป.อุดรธานี เขต 2","Infrastructure & Connectivity",33.72012404101929,10.66921763274245
"สพป.อุดรธานี เขต 2","Poor Family",6.916198183886663,10.66921763274245
"สพป.อุดรธานี เขต 2","School Distance",30.29606619639487,10.66921763274245
"สพป.อุดรธานี เขต 2","Student Level",23.400041372117837,10.66921763274245
"สพป.อุดรธานี เขต 2","school_size",5.66757020658133,10.66921763274245
"สพป.อุดรธานี เขต 3","Infrastructure & Connectivity",5.669240076559022,2.527099229239664
"สพป.อุดรธานี เขต 3","Poor Family",30.328622013972524,2.527099229239664
"สพป.อุดรธานี เขต 3","School Distance",43.68840813344431,2.527099229239664
"สพป.อุดรธานี เขต 3","Student Level",17.439259774369205,2.527099229239664
"สพป.อุดรธานี เขต 3","school_size",2.8744700016549425,2.527099229239664
"สพป.อุดรธานี เขต 4","Infrastructure & Connectivity",9.246120929663135,4.657946149351396
"สพป.อุดรธานี เขต 4","Poor Family",42.691040139501986,4.657946149351396
"สพป.อุดรธานี เขต 4","School Distance",31.42502174176837,4.657946149351396
"สพป.อุดรธานี เขต 4","Student Level",3.142761877287193,4.657946149351396
"สพป.อุดรธานี เขต 4","school_size",13.495055311779327,4.657946149351396
"สพป.อุตรดิตถ์ เขต 1","Infrastructure & Connectivity",11.666955864488143,9.166351429289989
"สพป.อุตรดิตถ์ เขต 1","Poor Family",7.420652303746879,9.166351429289989
"สพป.อุตรดิตถ์ เขต 1","School Distance",18.665585861624407,9.166351429289989
"สพป.อุตรดิตถ์ เขต 1","Student Level",33.88393841352443,9.166351429289989
"สพป.อุตรดิตถ์ เขต 1","school_size",28.36286755661613,9.166351429289989
"สพป.อุตรดิตถ์ เขต 2","Hard to Reach",30.021871276663074,8.664834706725962
"สพป.อุตรดิตถ์ เขต 2","Infrastructure & Connectivity",4.583826485968387,8.664834706725962
"สพป.อุตรดิตถ์ เขต 2","Poor Family",7.4512372470865,8.664834706725962
"สพป.อุตรดิตถ์ เขต 2","School Distance",23.26290705830465,8.664834706725962
"สพป.อุตรดิตถ์ เขต 2","Student Level",3.6583277014102866,8.664834706725962
"สพป.อุตรดิตถ์ เขต 2","school_size",23.90611744809472,8.664834706725962
"สพป.อุทัยธานี เขต 1","Infrastructure & Connectivity",16.40688576518621,23.30499936173986
"สพป.อุทัยธานี เขต 1","Poor Family",14.42699924726262,23.30499936173986
"สพป.อุทัยธานี เขต 1","School Distance",40.13680773937364,23.30499936173986
"สพป.อุทัยธานี เขต 1","Student Level",1.6717369946361433,23.30499936173986
"สพป.อุทัยธานี เขต 1","school_size",27.357570253541404,23.30499936173986
"สพป.อุทัยธานี เขต 2","Infrastructure & Connectivity",15.887169099275651,1.0232403351029857
"สพป.อุทัยธานี เขต 2","Poor Family",7.328032934097059,1.0232403351029857
"สพป.อุทัยธานี เขต 2","School Distance",21.136926391296328,1.0232403351029857
"สพป.อุทัยธานี เขต 2","Student Level",36.4219224459182,1.0232403351029857
"สพป.อุทัยธานี เขต 2","school_size",19.22594912941276,1.0232403351029857
"สพป.อุบลราชธานี เขต 1","Infrastructure & Connectivity",6.367374672171429,10.649522266186292
"สพป.อุบลราชธานี เขต 1","Poor Family",3.913442865238851,10.649522266186292
"สพป.อุบลราชธานี เขต 1","School Distance",13.628863289866771,10.649522266186292
"สพป.อุบลราชธานี เขต 1","Student Level",2.852109536597053,10.649522266186292
"สพป.อุบลราชธานี เขต 1","school_size",73.2382096361259,10.649522266186292
"สพป.อุบลราชธานี เขต 2","Infrastructure & Connectivity",8.764760922836166,4.67891711086376
"สพป.อุบลราชธานี เขต 2","Poor Family",33.92422153629912,4.67891711086376
"สพป.อุบลราชธานี เขต 2","School Distance",45.019956478530816,4.67891711086376
"สพป.อุบลราชธานี เขต 2","Student Level",1.045427948873633,4.67891711086376
"สพป.อุบลราชธานี เขต 2","school_size",11.245633113460261,4.67891711086376
"สพป.อุบลราชธานี เขต 3","Infrastructure & Connectivity",19.53327162198783,5.311892158911204
"สพป.อุบลราชธานี เขต 3","Poor Family",12.375327362157867,5.311892158911204
"สพป.อุบลราชธานี เขต 3","School Distance",51.82947027626374,5.311892158911204
"สพป.อุบลราชธานี เขต 3","Student Level",0.37419033075978736,5.311892158911204
"สพป.อุบลราชธานี เขต 3","school_size",15.887740408830759,5.311892158911204
"สพป.อุบลราชธานี เขต 4","Infrastructure & Connectivity",36.42746818098993,1.7985993821517234
"สพป.อุบลราชธานี เขต 4","Poor Family",20.961060032864385,1.7985993821517234
"สพป.อุบลราชธานี เขต 4","School Distance",33.08740341447991,1.7985993821517234
"สพป.อุบลราชธานี เขต 4","Student Level",5.964327806226377,1.7985993821517234
"สพป.อุบลราชธานี เขต 4","school_size",3.559740565439388,1.7985993821517234
"สพป.อุบลราชธานี เขต 5","Infrastructure & Connectivity",11.96538835045606,3.613801171513611
"สพป.อุบลราชธานี เขต 5","Poor Family",27.929344221367526,3.613801171513611
"สพป.อุบลราชธานี เขต 5","School Distance",3.090454680426804,3.613801171513611
"สพป.อุบลราชธานี เขต 5","Student Level",16.99467945128698,3.613801171513611
"สพป.อุบลราชธานี เขต 5","school_size",40.02013329646263,3.613801171513611
"สพป.อ่างทอง","Infrastructure & Connectivity",0.6727100219625262,9.01949803617345
"สพป.อ่างทอง","Poor Family",18.711433452245252,9.01949803617345
"สพป.อ่างทอง","School Distance",5.2889867772629255,9.01949803617345
"สพป.อ่างทอง","Student Level",14.110877564012894,9.01949803617345
"สพป.อ่างทอง","school_size",61.215992184516416,9.01949803617345
"สพป.เชียงราย เขต 1","Hard to Reach",22.296818136351206,40.27922916868842
"สพป.เชียงราย เขต 1","Infrastructure & Connectivity",8.449442100619622,40.27922916868842
"สพป.เชียงราย เขต 1","Poor Family",16.11221880994716,40.27922916868842
"สพป.เชียงราย เขต 1","School Distance",11.180336382944976,40.27922916868842
"สพป.เชียงราย เขต 1","Student Level",5.491081827114274,40.27922916868842
"สพป.เชียงราย เขต 1","school_size",17.824770753474294,40.27922916868842
"สพป.เชียงราย เขต 2","Hard to Reach",40.64760674750114,38.408144637761474
"สพป.เชียงราย เขต 2","Infrastructure & Connectivity",2.331209634724452,38.408144637761474
"สพป.เชียงราย เขต 2","Poor Family",1.574601024639432,38.408144637761474
"สพป.เชียงราย เขต 2","School Distance",4.6338159520495,38.408144637761474
"สพป.เชียงราย เขต 2","Student Level",9.206913698536205,38.408144637761474
"สพป.เชียงราย เขต 2","school_size",2.252205754645272,38.408144637761474
"สพป.เชียงราย เขต 3","Hard to Reach",42.3463243313181,35.426071141180074
"สพป.เชียงราย เขต 3","Infrastructure & Connectivity",16.49071271639284,35.426071141180074
"สพป.เชียงราย เขต 3","Poor Family",0.643486321282374,35.426071141180074
"สพป.เชียงราย เขต 3","School Distance",6.774916250723451,35.426071141180074
"สพป.เชียงราย เขต 3","Student Level",5.637336955174361,35.426071141180074
"สพป.เชียงราย เขต 3","school_size",5.531055038686203,35.426071141180074
"สพป.เชียงราย เขต 4","Hard to Reach",34.76596190175313,24.98535651288337
"สพป.เชียงราย เขต 4","Infrastructure & Connectivity",18.769040803569244,24.98535651288337
"สพป.เชียงราย เขต 4","Poor Family",4.1868680598005765,24.98535651288337
"สพป.เชียงราย เขต 4","School Distance",9.810430853223403,24.98535651288337
"สพป.เชียงราย เขต 4","Student Level",1.718156645430352,24.98535651288337
"สพป.เชียงราย เขต 4","school_size",7.710483235573679,24.98535651288337
"สพป.เชียงใหม่ เขต 1","Hard to Reach",10.487572364588795,23.760898407214924
"สพป.เชียงใหม่ เขต 1","Infrastructure & Connectivity",16.980879720320758,23.760898407214924
"สพป.เชียงใหม่ เขต 1","Poor Family",1.668444474100149,23.760898407214924
"สพป.เชียงใหม่ เขต 1","School Distance",22.49139849118408,23.760898407214924
"สพป.เชียงใหม่ เขต 1","Student Level",22.893047622214524,23.760898407214924
"สพป.เชียงใหม่ เขต 1","school_size",25.478657327591687,23.760898407214924
"สพป.เชียงใหม่ เขต 2","Hard to Reach",33.085220148034594,25.890523189653976
"สพป.เชียงใหม่ เขต 2","Infrastructure & Connectivity",21.81928878900525,25.890523189653976
"สพป.เชียงใหม่ เขต 2","Poor Family",5.989507682859073,25.890523189653976
"สพป.เชียงใหม่ เขต 2","School Distance",3.3758350164191957,25.890523189653976
"สพป.เชียงใหม่ เขต 2","Student Level",12.087182097492057,25.890523189653976
"สพป.เชียงใหม่ เขต 2","school_size",7.49910942346337,25.890523189653976
"สพป.เชียงใหม่ เขต 3","Hard to Reach",12.68963659019692,19.688393218120712
"สพป.เชียงใหม่ เขต 3","Infrastructure & Connectivity",6.128529665922049,19.688393218120712
"สพป.เชียงใหม่ เขต 3","Poor Family",1.1676291425116399,19.688393218120712
"สพป.เชียงใหม่ เขต 3","School Distance",29.554418085753145,19.688393218120712
"สพป.เชียงใหม่ เขต 3","Student Level",36.28663522166496,19.688393218120712
"สพป.เชียงใหม่ เขต 3","school_size",1.5093873781482787,19.688393218120712
"สพป.เชียงใหม่ เขต 4","Hard to Reach",12.463698965648797,35.93962437680075
"สพป.เชียงใหม่ เขต 4","Infrastructure & Connectivity",12.308835018044,35.93962437680075
"สพป.เชียงใหม่ เขต 4","Poor Family",3.0804544466290618,35.93962437680075
"สพป.เชียงใหม่ เขต 4","School Distance",46.95353738022535,35.93962437680075
"สพป.เชียงใหม่ เขต 4","Student Level",16.33311240562892,35.93962437680075
"สพป.เชียงใหม่ เขต 4","school_size",8.860361783823878,35.93962437680075
"สพป.เชียงใหม่ เขต 5","Hard to Reach",43.81913296448845,67.69486676134655
"สพป.เชียงใหม่ เขต 5","Infrastructure & Connectivity",4.045154115628624,67.69486676134655
"สพป.เชียงใหม่ เขต 5","Poor Family",1.5022478377231732,67.69486676134655
"สพป.เชียงใหม่ เขต 5","School Distance",20.52987747268455,67.69486676134655
"สพป.เชียงใหม่ เขต 5","Student Level",1.1225381942477113,67.69486676134655
"สพป.เชียงใหม่ เขต 5","school_size",0.026740357070480923,67.69486676134655
"สพป.เชียงใหม่ เขต 6","Hard to Reach",26.827948629141773,37.21939521796822
"สพป.เชียงใหม่ เขต 6","Infrastructure & Connectivity",7.4584720186953,37.21939521796822
"สพป.เชียงใหม่ เขต 6","Poor Family",2.242166406751284,37.21939521796822
"สพป.เชียงใหม่ เขต 6","School Distance",7.517371626269801,37.21939521796822
"สพป.เชียงใหม่ เขต 6","Student Level",2.5411584038226116,37.21939521796822
"สพป.เชียงใหม่ เขต 6","school_size",8.15950876140788,37.21939521796822
"สพป.เพชรบุรี เขต 1","Infrastructure & Connectivity",20.787722508014546,22.047717401146226
"สพป.เพชรบุรี เขต 1","Poor Family",23.676687268360293,22.047717401146226
"สพป.เพชรบุรี เขต 1","School Distance",9.315483920811547,22.047717401146226
"สพป.เพชรบุรี เขต 1","Student Level",3.933052670197716,22.047717401146226
"สพป.เพชรบุรี เขต 1","school_size",42.2870536326159,22.047717401146226
"สพป.เพชรบุรี เขต 2","Infrastructure & Connectivity",17.71498258375647,5.77576985064725
"สพป.เพชรบุรี เขต 2","Poor Family",24.362349183103632,5.77576985064725
"สพป.เพชรบุรี เขต 2","School Distance",18.989046536627175,5.77576985064725
"สพป.เพชรบุรี เขต 2","Student Level",27.990478624860625,5.77576985064725
"สพป.เพชรบุรี เขต 2","school_size",10.943143071652104,5.77576985064725
"สพป.เพชรบูรณ์ เขต 1","Infrastructure & Connectivity",11.733012657380558,9.502104132585929
"สพป.เพชรบูรณ์ เขต 1","Poor Family",19.417960522139598,9.502104132585929
"สพป.เพชรบูรณ์ เขต 1","School Distance",32.91932279850407,9.502104132585929
"สพป.เพชรบูรณ์ เขต 1","Student Level",8.590765487767136,9.502104132585929
"สพป.เพชรบูรณ์ เขต 1","school_size",27.338938534208637,9.502104132585929
"สพป.เพชรบูรณ์ เขต 2","Hard to Reach",7.539799434281557,4.1783844380859305
"สพป.เพชรบูรณ์ เขต 2","Infrastructure & Connectivity",16.25090001234401,4.1783844380859305
"สพป.เพชรบูรณ์ เขต 2","Poor Family",25.541432936044913,4.1783844380859305
"สพป.เพชรบูรณ์ เขต 2","School Distance",9.888102130558504,4.1783844380859305
"สพป.เพชรบูรณ์ เขต 2","Student Level",20.00219617198622,4.1783844380859305
"สพป.เพชรบูรณ์ เขต 2","school_size",16.409331264455673,4.1783844380859305
"สพป.เพชรบูรณ์ เขต 3","Infrastructure & Connectivity",7.840361325080944,1.2672088862032171
"สพป.เพชรบูรณ์ เขต 3","Poor Family",8.747179943066588,1.2672088862032171
"สพป.เพชรบูรณ์ เขต 3","School Distance",42.1567181572277,1.2672088862032171
"สพป.เพชรบูรณ์ เขต 3","Student Level",29.16752822603521,1.2672088862032171
"สพป.เพชรบูรณ์ เขต 3","school_size",12.088212348589572,1.2672088862032171
"สพป.เลย เขต 1","Infrastructure & Connectivity",7.273220798430735,9.135302491050329
"สพป.เลย เขต 1","Poor Family",5.218086881340682,9.135302491050329
"สพป.เลย เขต 1","School Distance",46.68904220895707,9.135302491050329
"สพป.เลย เขต 1","Student Level",13.017206037686599,9.135302491050329
"สพป.เลย เขต 1","school_size",27.802444073584912,9.135302491050329
"สพป.เลย เขต 2","Infrastructure & Connectivity",18.298689881541634,2.385710479390786
"สพป.เลย เขต 2","Poor Family",10.034659168401433,2.385710479390786
"สพป.เลย เขต 2","School Distance",19.74983005409181,2.385710479390786
"สพป.เลย เขต 2","Student Level",25.66043156044193,2.385710479390786
"สพป.เลย เขต 2","school_size",26.2563893355232,2.385710479390786
"สพป.เลย เขต 3","Hard to Reach",5.114863090872243,11.746272140963246
"สพป.เลย เขต 3","Infrastructure & Connectivity",7.099250140518298,11.746272140963246
"สพป.เลย เขต 3","Poor Family",8.78053385437203,11.746272140963246
"สพป.เลย เขต 3","School Distance",18.669250096146087,11.746272140963246
"สพป.เลย เขต 3","Student Level",14.293013705462503,11.746272140963246
"สพป.เลย เขต 3","school_size",43.74784046092144,11.746272140963246
"สพป.แพร่ เขต 1","Hard to Reach",2.7529245332026617,58.628303468773915
"สพป.แพร่ เขต 1","Infrastructure & Connectivity",17.33744081849987,58.628303468773915
"สพป.แพร่ เขต 1","Poor Family",36.93203849505898,58.628303468773915
"สพป.แพร่ เขต 1","School Distance",13.401637196753246,58.628303468773915
"สพป.แพร่ เขต 1","Student Level",4.89259804446248,58.628303468773915
"สพป.แพร่ เขต 1","school_size",23.473261223081703,58.628303468773915
"สพป.แพร่ เขต 2","Infrastructure & Connectivity",8.743710464317848,5.88503882030453
"สพป.แพร่ เขต 2","Poor Family",56.04792653375486,5.88503882030453
"สพป.แพร่ เขต 2","School Distance",23.538960634765427,5.88503882030453
"สพป.แพร่ เขต 2","Student Level",11.669402367161876,5.88503882030453
"สพป.แม่ฮ่องสอน เขต 1","Hard to Reach",11.35516993872349,17.202913136470432
"สพป.แม่ฮ่องสอน เขต 1","Infrastructure & Connectivity",28.57712976622389,17.202913136470432
"สพป.แม่ฮ่องสอน เขต 1","Poor Family",3.018010048597676,17.202913136470432
"สพป.แม่ฮ่องสอน เขต 1","School Distance",27.67640368817508,17.202913136470432
"สพป.แม่ฮ่องสอน เขต 1","Student Level",0.4829956818583403,17.202913136470432
"สพป.แม่ฮ่องสอน เขต 1","school_size",13.202516058975876,17.202913136470432
"สพป.แม่ฮ่องสอน เขต 2","Hard to Reach",14.66341280159199,18.21970490363576
"สพป.แม่ฮ่องสอน เขต 2","Infrastructure & Connectivity",32.826887496864146,18.21970490363576
"สพป.แม่ฮ่องสอน เขต 2","Poor Family",17.986695821524734,18.21970490363576
"สพป.แม่ฮ่องสอน เขต 2","School Distance",6.209106757984413,18.21970490363576
"สพป.แม่ฮ่องสอน เขต 2","Student Level",8.363001219422971,18.21970490363576
"สพป.แม่ฮ่องสอน เขต 2","school_size",13.959610311106168,18.21970490363576
"สพม.กรุงเทพมหานครเขต 1","Infrastructure & Connectivity",3.2357952574950035,21.473584558469863
"สพม.กรุงเทพมหานครเขต 1","School Distance",12.431551968461251,21.473584558469863
"สพม.กรุงเทพมหานครเขต 1","Student Level",17.80619596252191,21.473584558469863
"สพม.กรุงเทพมหานครเขต 1","school_size",66.52645681152184,21.473584558469863
"สพม.กาญจนบุรี","Infrastructure & Connectivity",30.271750792470563,19.454134216015373
"สพม.กาญจนบุรี","School Distance",10.666304442671684,19.454134216015373
"สพม.กาญจนบุรี","Student Level",0.8926241558543699,19.454134216015373
"สพม.กาญจนบุรี","school_size",58.169320609003385,19.454134216015373
"สพม.กาฬสินธุ์","Infrastructure & Connectivity",1.6705995705060388,35.57903200295252
"สพม.กาฬสินธุ์","School Distance",8.485572957654705,35.57903200295252
"สพม.กาฬสินธุ์","Student Level",31.121659328258012,35.57903200295252
"สพม.กาฬสินธุ์","school_size",58.72216814358125,35.57903200295252
"สพม.กำแพงเพชร","Infrastructure & Connectivity",16.472002874210858,19.473886244629007
"สพม.กำแพงเพชร","School Distance",9.43468088468217,19.473886244629007
"สพม.กำแพงเพชร","Student Level",6.249380099751195,19.473886244629007
"สพม.กำแพงเพชร","school_size",67.84393614135578,19.473886244629007
"สพม.ขอนแก่น","Infrastructure & Connectivity",5.020265553235935,26.304412650539398
"สพม.ขอนแก่น","School Distance",28.20259377539343,26.304412650539398
"สพม.ขอนแก่น","Student Level",10.911793907638762,26.304412650539398
"สพม.ขอนแก่น","school_size",46.69320978709749,26.304412650539398
"สพม.จันทบุรีตราด","Infrastructure & Connectivity",1.958636550358689,64.27054467155013
"สพม.จันทบุรีตราด","School Distance",15.463061333871234,64.27054467155013
"สพม.จันทบุรีตราด","Student Level",13.989008306019777,64.27054467155013
"สพม.จันทบุรีตราด","school_size",65.08688229051236,64.27054467155013
"สพม.ฉะเชิงเทรา","Infrastructure & Connectivity",13.427837586009863,49.499372067527574
"สพม.ฉะเชิงเทรา","School Distance",18.202994651255995,49.499372067527574
"สพม.ฉะเชิงเทรา","Student Level",16.09431874701399,49.499372067527574
"สพม.ฉะเชิงเทรา","school_size",38.56206800758149,49.499372067527574
"สพม.ชลบุรีระยอง","Infrastructure & Connectivity",15.997884165310445,34.80359196845811
"สพม.ชลบุรีระยอง","School Distance",19.260954154533945,34.80359196845811
"สพม.ชลบุรีระยอง","Student Level",10.653269572374208,34.80359196845811
"สพม.ชลบุรีระยอง","school_size",46.03181313159745,34.80359196845811
"สพม.ชัยภูมิ","Infrastructure & Connectivity",8.4768851446989,30.1557899781125
"สพม.ชัยภูมิ","School Distance",5.093659016847416,30.1557899781125
"สพม.ชัยภูมิ","Student Level",20.77946735209894,30.1557899781125
"สพม.ชัยภูมิ","school_size",65.64998848635474,30.1557899781125
"สพม.ตรังกระบี่","Infrastructure & Connectivity",17.930673810767995,25.43881341883911
"สพม.ตรังกระบี่","School Distance",16.877006811450634,25.43881341883911
"สพม.ตรังกระบี่","Student Level",12.786586796130587,25.43881341883911
"สพม.ตรังกระบี่","school_size",52.40573258165079,25.43881341883911
"สพม.ตาก","Hard to Reach",15.369389758372469,31.927806520877354
"สพม.ตาก","Infrastructure & Connectivity",2.922346438711236,31.927806520877354
"สพม.ตาก","School Distance",25.415053547067075,31.927806520877354
"สพม.ตาก","Student Level",3.7008341499322404,31.927806520877354
"สพม.ตาก","school_size",37.82511858198944,31.927806520877354
"สพม.นครปฐม","Infrastructure & Connectivity",20.16445068901299,32.64901675010842
"สพม.นครปฐม","School Distance",4.795180555094549,32.64901675010842
"สพม.นครปฐม","Student Level",5.320923954723369,32.64901675010842
"สพม.นครปฐม","school_size",69.71944480116909,32.64901675010842
"สพม.นครพนม","Infrastructure & Connectivity",9.518369362405094,38.2899494432992
"สพม.นครพนม","School Distance",3.5125130283010995,38.2899494432992
"สพม.นครพนม","Student Level",18.104914772334073,38.2899494432992
"สพม.นครพนม","school_size",68.86420283695972,38.2899494432992
"สพม.นครราชสีมา","Infrastructure & Connectivity",9.591873485342731,31.144537928030168
"สพม.นครราชสีมา","School Distance",24.907875680351395,31.144537928030168
"สพม.นครราชสีมา","Student Level",2.5699700619699155,31.144537928030168
"สพม.นครราชสีมา","school_size",62.93028077233595,31.144537928030168
"สพม.นครศรีธรรมราช","Infrastructure & Connectivity",9.058444968392061,36.33813029636839
"สพม.นครศรีธรรมราช","School Distance",12.208178239319233,36.33813029636839
"สพม.นครศรีธรรมราช","Student Level",45.69761329930592,36.33813029636839
"สพม.นครศรีธรรมราช","school_size",33.03576349298279,36.33813029636839
"สพม.นครสวรรค์","Infrastructure & Connectivity",23.88914075556012,32.3871680370034
"สพม.นครสวรรค์","School Distance",33.28101505991182,32.3871680370034
"สพม.นครสวรรค์","Student Level",16.11158927150539,32.3871680370034
"สพม.นครสวรรค์","school_size",26.718254913022665,32.3871680370034
"สพม.นนทบุรี","Infrastructure & Connectivity",53.76789821168121,20.38349447310996
"สพม.นนทบุรี","School Distance",15.26046093960289,20.38349447310996
"สพม.นนทบุรี","Student Level",21.842132972056316,20.38349447310996
"สพม.นนทบุรี","school_size",9.129507876659591,20.38349447310996
"สพม.นราธิวาส","Infrastructure & Connectivity",20.62087678913008,68.12100147597103
"สพม.นราธิวาส","School Distance",35.416711189798136,68.12100147597103
"สพม.นราธิวาส","Student Level",30.927280448025897,68.12100147597103
"สพม.นราธิวาส","school_size",13.03513157304589,68.12100147597103
"สพม.น่าน","Hard to Reach",12.727549766270357,35.70353159226061
"สพม.น่าน","Infrastructure & Connectivity",14.339085430060802,35.70353159226061
"สพม.น่าน","School Distance",6.891438912404694,35.70353159226061
"สพม.น่าน","Student Level",15.090315165696628,35.70353159226061
"สพม.น่าน","school_size",39.3443876110281,35.70353159226061
"สพม.บึงกาฬ","Infrastructure & Connectivity",18.280566389402573,22.306106580353006
"สพม.บึงกาฬ","School Distance",38.27427530097945,22.306106580353006
"สพม.บึงกาฬ","Student Level",6.0925224026382985,22.306106580353006
"สพม.บึงกาฬ","school_size",37.35263590697968,22.306106580353006
"สพม.บุรีรัมย์","Infrastructure & Connectivity",9.176751750292159,23.02393613347526
"สพม.บุรีรัมย์","School Distance",25.378340239705246,23.02393613347526
"สพม.บุรีรัมย์","Student Level",3.6272410781048987,23.02393613347526
"สพม.บุรีรัมย์","school_size",61.817666931897705,23.02393613347526
"สพม.ปทุมธานี","Infrastructure & Connectivity",3.9453666535659893,24.962505670017357
"สพม.ปทุมธานี","School Distance",16.21901748221615,24.962505670017357
"สพม.ปทุมธานี","Student Level",32.98585040560428,24.962505670017357
"สพม.ปทุมธานี","school_size",28.44159154273087,24.962505670017357
"สพม.ประจวบคีรีขันธ์","Infrastructure & Connectivity",3.5833911949533785,59.834166817633204
"สพม.ประจวบคีรีขันธ์","School Distance",16.79813590183248,59.834166817633204
"สพม.ประจวบคีรีขันธ์","Student Level",20.0385843889622,59.834166817633204
"สพม.ประจวบคีรีขันธ์","school_size",59.57988851425194,59.834166817633204
"สพม.ปราจีนบุรีนครนายก","Infrastructure & Connectivity",11.16776665686286,63.21314997200511
"สพม.ปราจีนบุรีนครนายก","School Distance",19.464946511934873,63.21314997200511
"สพม.ปราจีนบุรีนครนายก","Student Level",11.225561946294313,63.21314997200511
"สพม.ปราจีนบุรีนครนายก","school_size",58.14172488490796,63.21314997200511
"สพม.ปัตตานี","Infrastructure & Connectivity",11.061030959971715,59.702150757984754
"สพม.ปัตตานี","School Distance",20.352757877283533,59.702150757984754
"สพม.ปัตตานี","Student Level",24.8274786374888,59.702150757984754
"สพม.ปัตตานี","school_size",43.75873252525595,59.702150757984754
"สพม.พระนครศรีอยุธยา","Infrastructure & Connectivity",20.5839271939515,45.39582345237008
"สพม.พระนครศรีอยุธยา","School Distance",5.063006787952315,45.39582345237008
"สพม.พระนครศรีอยุธยา","Student Level",13.638916162198338,45.39582345237008
"สพม.พระนครศรีอยุธยา","school_size",60.714149855897844,45.39582345237008
"สพม.พะเยา","Infrastructure & Connectivity",10.24201655181625,40.76429403272748
"สพม.พะเยา","School Distance",14.302365272734598,40.76429403272748
"สพม.พะเยา","Student Level",47.64101464225578,40.76429403272748
"สพม.พะเยา","school_size",27.814603533193377,40.76429403272748
"สพม.พังงาภูเก็ตระนอง","Infrastructure & Connectivity",1.4382779848860852,55.09014613931659
"สพม.พังงาภูเก็ตระนอง","School Distance",26.25961142757747,55.09014613931659
"สพม.พังงาภูเก็ตระนอง","Student Level",32.668834097021914,55.09014613931659
"สพม.พังงาภูเก็ตระนอง","school_size",39.63327649051452,55.09014613931659
"สพม.พัทลุง","Infrastructure & Connectivity",7.140065792431826,32.8861498629412
"สพม.พัทลุง","School Distance",7.539842718434263,32.8861498629412
"สพม.พัทลุง","Student Level",54.754794995766154,32.8861498629412
"สพม.พัทลุง","school_size",30.565296493367757,32.8861498629412
"สพม.พิจิตร","Infrastructure & Connectivity",7.1025857970172055,30.733218271243558
"สพม.พิจิตร","School Distance",18.120111688176305,30.733218271243558
"สพม.พิจิตร","Student Level",9.787816697636885,30.733218271243558
"สพม.พิจิตร","school_size",64.98948581716961,30.733218271243558
"สพม.พิษณุโลกอุตรดิตถ์","Infrastructure & Connectivity",21.793467351690303,19.817415109887538
"สพม.พิษณุโลกอุตรดิตถ์","School Distance",9.089462672570471,19.817415109887538
"สพม.พิษณุโลกอุตรดิตถ์","Student Level",12.918369275285999,19.817415109887538
"สพม.พิษณุโลกอุตรดิตถ์","school_size",56.19870070045323,19.817415109887538
"สพม.มหาสารคาม","Infrastructure & Connectivity",10.35819308826422,29.536896666940066
"สพม.มหาสารคาม","School Distance",0.6830910961236879,29.536896666940066
"สพม.มหาสารคาม","Student Level",30.311771111673576,29.536896666940066
"สพม.มหาสารคาม","school_size",58.646944703938516,29.536896666940066
"สพม.มุกดาหาร","Infrastructure & Connectivity",12.09788619066739,15.153326966557357
"สพม.มุกดาหาร","School Distance",55.398529201946694,15.153326966557357
"สพม.มุกดาหาร","Student Level",26.88639314281566,15.153326966557357
"สพม.มุกดาหาร","school_size",5.617191464570257,15.153326966557357
"สพม.ยะลา","Infrastructure & Connectivity",26.427079736928935,73.37447558273642
"สพม.ยะลา","School Distance",1.406685029063047,73.37447558273642
"สพม.ยะลา","Student Level",9.504628122800248,73.37447558273642
"สพม.ยะลา","school_size",62.661607111207765,73.37447558273642
"สพม.ราชบุรี","Infrastructure & Connectivity",15.472857988101397,26.55751570602667
"สพม.ราชบุรี","School Distance",16.84416213977186,26.55751570602667
"สพม.ราชบุรี","Student Level",1.5455755755800316,26.55751570602667
"สพม.ราชบุรี","school_size",66.13740429654672,26.55751570602667
"สพม.ร้อยเอ็ด","Infrastructure & Connectivity",15.611165025959036,32.838940553159404
"สพม.ร้อยเอ็ด","School Distance",9.815295595352742,32.838940553159404
"สพม.ร้อยเอ็ด","Student Level",18.13303880311779,32.838940553159404
"สพม.ร้อยเอ็ด","school_size",56.44050057557043,32.838940553159404
"สพม.ลพบุรี","Infrastructure & Connectivity",27.88663537731751,39.026230518466924
"สพม.ลพบุรี","School Distance",11.300516642475394,39.026230518466924
"สพม.ลพบุรี","Student Level",12.516203989001559,39.026230518466924
"สพม.ลพบุรี","school_size",48.296643991205535,39.026230518466924
"สพม.ลำปางลำพูน","Hard to Reach",18.439648228964586,33.63577587054688
"สพม.ลำปางลำพูน","Infrastructure & Connectivity",6.85799917793412,33.63577587054688
"สพม.ลำปางลำพูน","School Distance",1.3223846869462883,33.63577587054688
"สพม.ลำปางลำพูน","Student Level",29.1568658323193,33.63577587054688
"สพม.ลำปางลำพูน","school_size",44.223102073835705,33.63577587054688
"สพม.ศรีสะเกษยโสธร","Infrastructure & Connectivity",32.38030926885937,33.578797780719604
"สพม.ศรีสะเกษยโสธร","School Distance",6.236165675101256,33.578797780719604
"สพม.ศรีสะเกษยโสธร","Student Level",22.35650431103193,33.578797780719604
"สพม.ศรีสะเกษยโสธร","school_size",39.027020745007434,33.578797780719604
"สพม.สกลนคร","Infrastructure & Connectivity",20.04224478586085,29.352726169771014
"สพม.สกลนคร","School Distance",1.6867565344603945,29.352726169771014
"สพม.สกลนคร","Student Level",5.135514927356958,29.352726169771014
"สพม.สกลนคร","school_size",73.13548375232179,29.352726169771014
"สพม.สงขลาสตูล","Infrastructure & Connectivity",18.579944865271045,34.68603848732461
"สพม.สงขลาสตูล","School Distance",12.14644558020501,34.68603848732461
"สพม.สงขลาสตูล","Student Level",37.51043627469738,34.68603848732461
"สพม.สงขลาสตูล","school_size",31.763173279826564,34.68603848732461
"สพม.สมุทรปราการ","Infrastructure & Connectivity",26.00233261535419,26.72862610343079
"สพม.สมุทรปราการ","School Distance",7.221191663833421,26.72862610343079
"สพม.สมุทรปราการ","Student Level",16.572765958771353,26.72862610343079
"สพม.สมุทรปราการ","school_size",50.203709762041036,26.72862610343079
"สพม.สมุทรสาครสมุทรสงคราม","Infrastructure & Connectivity",22.076448756429166,63.47021174603897
"สพม.สมุทรสาครสมุทรสงคราม","School Distance",25.386764697955876,63.47021174603897
"สพม.สมุทรสาครสมุทรสงคราม","Student Level",25.995563332895504,63.47021174603897
"สพม.สมุทรสาครสมุทรสงคราม","school_size",26.54122321271946,63.47021174603897
"สพม.สระบุรี","Infrastructure & Connectivity",15.191276087141238,42.10431453245968
"สพม.สระบุรี","School Distance",15.268852624142923,42.10431453245968
"สพม.สระบุรี","Student Level",17.77904046875487,42.10431453245968
"สพม.สระบุรี","school_size",51.760830819960965,42.10431453245968
"สพม.สระแก้ว","Infrastructure & Connectivity",21.299535631205575,66.58037194945662
"สพม.สระแก้ว","School Distance",6.774581083461343,66.58037194945662
"สพม.สระแก้ว","Student Level",24.30319692536849,66.58037194945662
"สพม.สระแก้ว","school_size",47.622686359964604,66.58037194945662
"สพม.สิงห์บุรีอ่างทอง","Infrastructure & Connectivity",28.540335291315653,64.2700447480475
"สพม.สิงห์บุรีอ่างทอง","School Distance",16.003430731184373,64.2700447480475
"สพม.สิงห์บุรีอ่างทอง","Student Level",2.6539635509158908,64.2700447480475
"สพม.สิงห์บุรีอ่างทอง","school_size",52.80227042658408,64.2700447480475
"สพม.สุพรรณบุรี","Infrastructure & Connectivity",29.1692960886174,24.501942779451568
"สพม.สุพรรณบุรี","School Distance",45.88045786901924,24.501942779451568
"สพม.สุพรรณบุรี","Student Level",17.116437653850358,24.501942779451568
"สพม.สุพรรณบุรี","school_size",7.833808388512998,24.501942779451568
"สพม.สุราษฎร์ธานีชุมพร","Infrastructure & Connectivity",8.528727361107032,41.66275311067048
"สพม.สุราษฎร์ธานีชุมพร","School Distance",17.776508218093465,41.66275311067048
"สพม.สุราษฎร์ธานีชุมพร","Student Level",24.83963377343481,41.66275311067048
"สพม.สุราษฎร์ธานีชุมพร","school_size",48.8551306473647,41.66275311067048
"สพม.สุรินทร์","Infrastructure & Connectivity",10.948396241222708,48.393794771587764
"สพม.สุรินทร์","School Distance",17.811989078593037,48.393794771587764
"สพม.สุรินทร์","Student Level",30.58222962057668,48.393794771587764
"สพม.สุรินทร์","school_size",40.65738505960757,48.393794771587764
"สพม.สุโขทัย","Infrastructure & Connectivity",29.401321904690075,36.73405737918289
"สพม.สุโขทัย","School Distance",7.89769359806246,36.73405737918289
"สพม.สุโขทัย","Student Level",12.497640376801684,36.73405737918289
"สพม.สุโขทัย","school_size",50.20334412044578,36.73405737918289
"สพม.หนองคาย","Infrastructure & Connectivity",16.939435474805826,26.63719841943541
"สพม.หนองคาย","School Distance",9.94878186833892,26.63719841943541
"สพม.หนองคาย","Student Level",12.671430314559442,26.63719841943541
"สพม.หนองคาย","school_size",60.4403523422958,26.63719841943541
"สพม.อุดรธานี","Infrastructure & Connectivity",8.250806132386833,34.00838307595262
"สพม.อุดรธานี","School Distance",8.234984730118414,34.00838307595262
"สพม.อุดรธานี","Student Level",0.43936582762821463,34.00838307595262
"สพม.อุดรธานี","school_size",83.07484330986652,34.00838307595262
"สพม.อุทัยธานีชัยนาท","Infrastructure & Connectivity",27.129264202805267,45.18488235739972
"สพม.อุทัยธานีชัยนาท","School Distance",10.78562516409665,45.18488235739972
"สพม.อุทัยธานีชัยนาท","Student Level",1.629099021756491,45.18488235739972
"สพม.อุทัยธานีชัยนาท","school_size",60.45601161134159,45.18488235739972
"สพม.อุบลราชธานีอำนาจเจริญ","Infrastructure & Connectivity",27.11388225784342,44.46308981189155
"สพม.อุบลราชธานีอำนาจเจริญ","School Distance",7.995242386512652,44.46308981189155
"สพม.อุบลราชธานีอำนาจเจริญ","Student Level",10.32504954893015,44.46308981189155
"สพม.อุบลราชธานีอำนาจเจริญ","school_size",54.56582580671377,44.46308981189155
"สพม.เชียงราย","Infrastructure & Connectivity",12.307292131508827,14.158670689748359
"สพม.เชียงราย","School Distance",10.379191408540006,14.158670689748359
"สพม.เชียงราย","Student Level",50.78299451954223,14.158670689748359
"สพม.เชียงราย","school_size",26.530521940408946,14.158670689748359
"สพม.เชียงใหม่","Hard to Reach",13.65999427636132,23.482833342746122
"สพม.เชียงใหม่","Infrastructure & Connectivity",18.710949433491642,23.482833342746122
"สพม.เชียงใหม่","School Distance",24.130715087396155,23.482833342746122
"สพม.เชียงใหม่","Student Level",9.026004096432596,23.482833342746122
"สพม.เชียงใหม่","school_size",15.179936436101883,23.482833342746122
"สพม.เพชรบุรี","Infrastructure & Connectivity",9.870824619458016,28.440340179604785
"สพม.เพชรบุรี","School Distance",13.762144807076766,28.440340179604785
"สพม.เพชรบุรี","Student Level",17.591643222727946,28.440340179604785
"สพม.เพชรบุรี","school_size",58.775387350737276,28.440340179604785
"สพม.เพชรบูรณ์","Infrastructure & Connectivity",11.520056302984619,47.55307287483951
"สพม.เพชรบูรณ์","School Distance",41.04948185514045,47.55307287483951
"สพม.เพชรบูรณ์","Student Level",15.47579950053873,47.55307287483951
"สพม.เพชรบูรณ์","school_size",31.954662341336213,47.55307287483951
"สพม.เลยหนองบัวลำภู","Infrastructure & Connectivity",41.822125549456196,28.65218542024929
"สพม.เลยหนองบัวลำภู","School Distance",15.149455821270648,28.65218542024929
"สพม.เลยหนองบัวลำภู","Student Level",5.108046758694693,28.65218542024929
"สพม.เลยหนองบัวลำภู","school_size",37.920371870578464,28.65218542024929
"สพม.แพร่","Infrastructure & Connectivity",24.234022507141564,25.10890438565689
"สพม.แพร่","School Distance",15.009617764179644,25.10890438565689
"สพม.แพร่","Student Level",31.614070226718905,25.10890438565689
"สพม.แพร่","school_size",29.14228950195989,25.10890438565689
"สพม.แม่ฮ่องสอน","Hard to Reach",24.093267952678186,80.3585815870575
"สพม.แม่ฮ่องสอน","Infrastructure & Connectivity",16.8427677788175,80.3585815870575
"สพม.แม่ฮ่องสอน","School Distance",7.643766119200111,80.3585815870575
"สพม.แม่ฮ่องสอน","Student Level",6.256202373386236,80.3585815870575
"สพม.แม่ฮ่องสอน","school_size",36.32295962457901,80.3585815870575
